n,y,s,e,_,1,5,y,r,_,d,a,t,a,\,J,B,T,.,c,s,v
n,y,s,e,_,1,5,y,r,_,d,a,t,a,\,A,I,N,.,c,s,v
n,y,s,e,_,1,5,y,r,_,d,a,t,a,\,P,E,A,K,.,c,s,v
n,y,s,e,_,1,5,y,r,_,d,a,t,a,\,B,L,D,R,.,c,s,v
n,y,s,e,_,1,5,y,r,_,d,a,t,a,\,M,C,R,.,c,s,v
n,y,s,e,_,1,5,y,r,_,d,a,t,a,\,D,I,N,.,c,s,v
n,y,s,e,_,1,5,y,r,_,d,a,t,a,\,A,F,L,.,c,s,v
n,y,s,e,_,1,5,y,r,_,d,a,t,a,\,G,P,M,T,.,c,s,v
n,y,s,e,_,1,5,y,r,_,d,a,t,a,\,T,W,L,O,.,c,s,v
n,y,s,e,_,1,5,y,r,_,d,a,t,a,\,H,V,T,.,c,s,v
n,y,s,e,_,1,5,y,r,_,d,a,t,a,\,B,B,A,R,.,c,s,v
n,y,s,e,_,1,5,y,r,_,d,a,t,a,\,G,M,E,.,c,s,v
n,y,s,e,_,1,5,y,r,_,d,a,t,a,\,M,G,M,.,c,s,v
n,y,s,e,_,1,5,y,r,_,d,a,t,a,\,T,L,Y,S,.,c,s,v
n,y,s,e,_,1,5,y,r,_,d,a,t,a,\,T,K,R,.,c,s,v
n,y,s,e,_,1,5,y,r,_,d,a,t,a,\,B,L,K,.,c,s,v
n,y,s,e,_,1,5,y,r,_,d,a,t,a,\,K,T,F,.,c,s,v
n,y,s,e,_,1,5,y,r,_,d,a,t,a,\,T,E,L,.,c,s,v
n,y,s,e,_,1,5,y,r,_,d,a,t,a,\,H,U,M,.,c,s,v
n,y,s,e,_,1,5,y,r,_,d,a,t,a,\,D,I,S,.,c,s,v
n,y,s,e,_,1,5,y,r,_,d,a,t,a,\,H,I,E,.,c,s,v
n,y,s,e,_,1,5,y,r,_,d,a,t,a,\,K,E,P,.,c,s,v
n,y,s,e,_,1,5,y,r,_,d,a,t,a,\,S,P,B,.,c,s,v
n,y,s,e,_,1,5,y,r,_,d,a,t,a,\,B,G,H,.,c,s,v
n,y,s,e,_,1,5,y,r,_,d,a,t,a,\,M,H,N,C,.,c,s,v
n,y,s,e,_,1,5,y,r,_,d,a,t,a,\,D,R,E,.,c,s,v
n,y,s,e,_,1,5,y,r,_,d,a,t,a,\,E,N,I,C,.,c,s,v
n,y,s,e,_,1,5,y,r,_,d,a,t,a,\,P,R,A,.,c,s,v
n,y,s,e,_,1,5,y,r,_,d,a,t,a,\,A,A,T,.,c,s,v
n,y,s,e,_,1,5,y,r,_,d,a,t,a,\,E,D,N,.,c,s,v
n,y,s,e,_,1,5,y,r,_,d,a,t,a,\,B,S,L,.,c,s,v
n,y,s,e,_,1,5,y,r,_,d,a,t,a,\,N,F,G,.,c,s,v
n,y,s,e,_,1,5,y,r,_,d,a,t,a,\,U,B,A,.,c,s,v
n,y,s,e,_,1,5,y,r,_,d,a,t,a,\,F,N,D,.,c,s,v
n,y,s,e,_,1,5,y,r,_,d,a,t,a,\,T,T,M,.,c,s,v
n,y,s,e,_,1,5,y,r,_,d,a,t,a,\,N,V,G,.,c,s,v
n,y,s,e,_,1,5,y,r,_,d,a,t,a,\,T,N,L,.,c,s,v
n,y,s,e,_,1,5,y,r,_,d,a,t,a,\,P,C,F,.,c,s,v
n,y,s,e,_,1,5,y,r,_,d,a,t,a,\,C,I,G,.,c,s,v
n,y,s,e,_,1,5,y,r,_,d,a,t,a,\,B,T,O,.,c,s,v
n,y,s,e,_,1,5,y,r,_,d,a,t,a,\,T,V,.,c,s,v
n,y,s,e,_,1,5,y,r,_,d,a,t,a,\,F,R,C,.,c,s,v
n,y,s,e,_,1,5,y,r,_,d,a,t,a,\,A,M,E,.,c,s,v
n,y,s,e,_,1,5,y,r,_,d,a,t,a,\,S,R,E,.,c,s,v
n,y,s,e,_,1,5,y,r,_,d,a,t,a,\,I,V,C,.,c,s,v
n,y,s,e,_,1,5,y,r,_,d,a,t,a,\,N,X,.,c,s,v
n,y,s,e,_,1,5,y,r,_,d,a,t,a,\,A,I,G,.,c,s,v
n,y,s,e,_,1,5,y,r,_,d,a,t,a,\,C,B,U,.,c,s,v
n,y,s,e,_,1,5,y,r,_,d,a,t,a,\,M,B,T,.,c,s,v
n,y,s,e,_,1,5,y,r,_,d,a,t,a,\,J,K,S,.,c,s,v
n,y,s,e,_,1,5,y,r,_,d,a,t,a,\,F,N,.,c,s,v
n,y,s,e,_,1,5,y,r,_,d,a,t,a,\,T,D,G,.,c,s,v
n,y,s,e,_,1,5,y,r,_,d,a,t,a,\,B,B,N,.,c,s,v
n,y,s,e,_,1,5,y,r,_,d,a,t,a,\,A,R,C,.,c,s,v
n,y,s,e,_,1,5,y,r,_,d,a,t,a,\,G,D,O,T,.,c,s,v
n,y,s,e,_,1,5,y,r,_,d,a,t,a,\,I,R,T,.,c,s,v
n,y,s,e,_,1,5,y,r,_,d,a,t,a,\,U,B,P,.,c,s,v
n,y,s,e,_,1,5,y,r,_,d,a,t,a,\,N,G,V,T,.,c,s,v
n,y,s,e,_,1,5,y,r,_,d,a,t,a,\,E,B,S,.,c,s,v
n,y,s,e,_,1,5,y,r,_,d,a,t,a,\,T,E,I,.,c,s,v
n,y,s,e,_,1,5,y,r,_,d,a,t,a,\,N,M,S,.,c,s,v
n,y,s,e,_,1,5,y,r,_,d,a,t,a,\,G,A,T,X,.,c,s,v
n,y,s,e,_,1,5,y,r,_,d,a,t,a,\,C,B,R,E,.,c,s,v
n,y,s,e,_,1,5,y,r,_,d,a,t,a,\,B,L,E,.,c,s,v
n,y,s,e,_,1,5,y,r,_,d,a,t,a,\,D,L,N,G,.,c,s,v
n,y,s,e,_,1,5,y,r,_,d,a,t,a,\,S,N,X,.,c,s,v
n,y,s,e,_,1,5,y,r,_,d,a,t,a,\,C,L,D,T,.,c,s,v
n,y,s,e,_,1,5,y,r,_,d,a,t,a,\,M,A,T,X,.,c,s,v
n,y,s,e,_,1,5,y,r,_,d,a,t,a,\,M,Y,I,.,c,s,v
n,y,s,e,_,1,5,y,r,_,d,a,t,a,\,C,A,C,I,.,c,s,v
n,y,s,e,_,1,5,y,r,_,d,a,t,a,\,P,R,O,.,c,s,v
n,y,s,e,_,1,5,y,r,_,d,a,t,a,\,A,K,R,.,c,s,v
n,y,s,e,_,1,5,y,r,_,d,a,t,a,\,U,V,V,.,c,s,v
n,y,s,e,_,1,5,y,r,_,d,a,t,a,\,H,M,L,P,.,c,s,v
n,y,s,e,_,1,5,y,r,_,d,a,t,a,\,N,X,N,.,c,s,v
n,y,s,e,_,1,5,y,r,_,d,a,t,a,\,M,T,D,R,.,c,s,v
n,y,s,e,_,1,5,y,r,_,d,a,t,a,\,O,X,M,.,c,s,v
n,y,s,e,_,1,5,y,r,_,d,a,t,a,\,S,N,A,P,.,c,s,v
n,y,s,e,_,1,5,y,r,_,d,a,t,a,\,M,N,.,c,s,v
n,y,s,e,_,1,5,y,r,_,d,a,t,a,\,G,F,I,.,c,s,v
n,y,s,e,_,1,5,y,r,_,d,a,t,a,\,N,S,A,.,c,s,v
n,y,s,e,_,1,5,y,r,_,d,a,t,a,\,A,G,R,O,.,c,s,v
n,y,s,e,_,1,5,y,r,_,d,a,t,a,\,G,D,D,Y,.,c,s,v
n,y,s,e,_,1,5,y,r,_,d,a,t,a,\,P,H,.,c,s,v
n,y,s,e,_,1,5,y,r,_,d,a,t,a,\,R,Y,.,c,s,v
n,y,s,e,_,1,5,y,r,_,d,a,t,a,\,C,I,E,N,.,c,s,v
n,y,s,e,_,1,5,y,r,_,d,a,t,a,\,E,C,C, , , , , , , , , , , ,.,c,s,v
n,y,s,e,_,1,5,y,r,_,d,a,t,a,\,C,M,R,E,.,c,s,v
n,y,s,e,_,1,5,y,r,_,d,a,t,a,\,L,X,U,.,c,s,v
n,y,s,e,_,1,5,y,r,_,d,a,t,a,\,H,T,H,.,c,s,v
n,y,s,e,_,1,5,y,r,_,d,a,t,a,\,D,B,D,.,c,s,v
n,y,s,e,_,1,5,y,r,_,d,a,t,a,\,A,T,I,.,c,s,v
n,y,s,e,_,1,5,y,r,_,d,a,t,a,\,N,E,W,R,.,c,s,v
n,y,s,e,_,1,5,y,r,_,d,a,t,a,\,F,B,C,.,c,s,v
n,y,s,e,_,1,5,y,r,_,d,a,t,a,\,A,C,N,.,c,s,v
n,y,s,e,_,1,5,y,r,_,d,a,t,a,\,P,C,M,.,c,s,v
n,y,s,e,_,1,5,y,r,_,d,a,t,a,\,L,O,W,.,c,s,v
n,y,s,e,_,1,5,y,r,_,d,a,t,a,\,I,X,.,c,s,v
n,y,s,e,_,1,5,y,r,_,d,a,t,a,\,G,O,F,.,c,s,v
n,y,s,e,_,1,5,y,r,_,d,a,t,a,\,S,C,X,.,c,s,v
n,y,s,e,_,1,5,y,r,_,d,a,t,a,\,G,E,F,.,c,s,v
n,y,s,e,_,1,5,y,r,_,d,a,t,a,\,T,T,E,.,c,s,v
n,y,s,e,_,1,5,y,r,_,d,a,t,a,\,G,T,N,.,c,s,v
n,y,s,e,_,1,5,y,r,_,d,a,t,a,\,G,L,.,c,s,v
n,y,s,e,_,1,5,y,r,_,d,a,t,a,\,O,I,S,.,c,s,v
n,y,s,e,_,1,5,y,r,_,d,a,t,a,\,G,H,M,.,c,s,v
n,y,s,e,_,1,5,y,r,_,d,a,t,a,\,R,E,X,R,.,c,s,v
n,y,s,e,_,1,5,y,r,_,d,a,t,a,\,S,U,Z,.,c,s,v
n,y,s,e,_,1,5,y,r,_,d,a,t,a,\,G,O,L,D,.,c,s,v
n,y,s,e,_,1,5,y,r,_,d,a,t,a,\,L,N,C,.,c,s,v
n,y,s,e,_,1,5,y,r,_,d,a,t,a,\,P,E,B,.,c,s,v
n,y,s,e,_,1,5,y,r,_,d,a,t,a,\,W,A,B,.,c,s,v
n,y,s,e,_,1,5,y,r,_,d,a,t,a,\,E,O,D,.,c,s,v
n,y,s,e,_,1,5,y,r,_,d,a,t,a,\,B,U,D,.,c,s,v
n,y,s,e,_,1,5,y,r,_,d,a,t,a,\,T,L,K,.,c,s,v
n,y,s,e,_,1,5,y,r,_,d,a,t,a,\,A,C,R,.,c,s,v
n,y,s,e,_,1,5,y,r,_,d,a,t,a,\,P,H,M,.,c,s,v
n,y,s,e,_,1,5,y,r,_,d,a,t,a,\,T,A,K,.,c,s,v
n,y,s,e,_,1,5,y,r,_,d,a,t,a,\,M,U,F,G,.,c,s,v
n,y,s,e,_,1,5,y,r,_,d,a,t,a,\,M,Y,O,V,.,c,s,v
n,y,s,e,_,1,5,y,r,_,d,a,t,a,\,M,S,I,.,c,s,v
n,y,s,e,_,1,5,y,r,_,d,a,t,a,\,B,H,K,.,c,s,v
n,y,s,e,_,1,5,y,r,_,d,a,t,a,\,G,R,M,N,.,c,s,v
n,y,s,e,_,1,5,y,r,_,d,a,t,a,\,M,T,.,c,s,v
n,y,s,e,_,1,5,y,r,_,d,a,t,a,\,W,T,M,.,c,s,v
n,y,s,e,_,1,5,y,r,_,d,a,t,a,\,S,W,Z,.,c,s,v
n,y,s,e,_,1,5,y,r,_,d,a,t,a,\,U,S,X,.,c,s,v
n,y,s,e,_,1,5,y,r,_,d,a,t,a,\,W,O,L,F,.,c,s,v
n,y,s,e,_,1,5,y,r,_,d,a,t,a,\,U,N,P,.,c,s,v
n,y,s,e,_,1,5,y,r,_,d,a,t,a,\,U,S,A,.,c,s,v
n,y,s,e,_,1,5,y,r,_,d,a,t,a,\,T,.,c,s,v
n,y,s,e,_,1,5,y,r,_,d,a,t,a,\,M,M,M,.,c,s,v
n,y,s,e,_,1,5,y,r,_,d,a,t,a,\,K,O,P,.,c,s,v
n,y,s,e,_,1,5,y,r,_,d,a,t,a,\,T,A,L,O,.,c,s,v
n,y,s,e,_,1,5,y,r,_,d,a,t,a,\,Q,T,W,O,.,c,s,v
n,y,s,e,_,1,5,y,r,_,d,a,t,a,\,V,C,V,.,c,s,v
n,y,s,e,_,1,5,y,r,_,d,a,t,a,\,A,M,T,.,c,s,v
n,y,s,e,_,1,5,y,r,_,d,a,t,a,\,R,F,.,c,s,v
n,y,s,e,_,1,5,y,r,_,d,a,t,a,\,F,C,N,.,c,s,v
n,y,s,e,_,1,5,y,r,_,d,a,t,a,\,O,G,S,.,c,s,v
n,y,s,e,_,1,5,y,r,_,d,a,t,a,\,P,Y,N,.,c,s,v
n,y,s,e,_,1,5,y,r,_,d,a,t,a,\,F,C,X,.,c,s,v
n,y,s,e,_,1,5,y,r,_,d,a,t,a,\,A,C,E,L,.,c,s,v
n,y,s,e,_,1,5,y,r,_,d,a,t,a,\,P,I,I,.,c,s,v
n,y,s,e,_,1,5,y,r,_,d,a,t,a,\,T,D,Y,.,c,s,v
n,y,s,e,_,1,5,y,r,_,d,a,t,a,\,C,B,H,.,c,s,v
n,y,s,e,_,1,5,y,r,_,d,a,t,a,\,R,M,I,.,c,s,v
n,y,s,e,_,1,5,y,r,_,d,a,t,a,\,P,K,X,.,c,s,v
n,y,s,e,_,1,5,y,r,_,d,a,t,a,\,C,B,T,.,c,s,v
n,y,s,e,_,1,5,y,r,_,d,a,t,a,\,N,L,S,N,.,c,s,v
n,y,s,e,_,1,5,y,r,_,d,a,t,a,\,A,L,E,.,c,s,v
n,y,s,e,_,1,5,y,r,_,d,a,t,a,\,T,Y,.,c,s,v
n,y,s,e,_,1,5,y,r,_,d,a,t,a,\,A,J,G,.,c,s,v
n,y,s,e,_,1,5,y,r,_,d,a,t,a,\,E,R,F,.,c,s,v
n,y,s,e,_,1,5,y,r,_,d,a,t,a,\,U,G,P,.,c,s,v
n,y,s,e,_,1,5,y,r,_,d,a,t,a,\,K,R,A,.,c,s,v
n,y,s,e,_,1,5,y,r,_,d,a,t,a,\,A,T,U,S,.,c,s,v
n,y,s,e,_,1,5,y,r,_,d,a,t,a,\,P,E,G,.,c,s,v
n,y,s,e,_,1,5,y,r,_,d,a,t,a,\,B,R,O,.,c,s,v
n,y,s,e,_,1,5,y,r,_,d,a,t,a,\,N,T,R,.,c,s,v
n,y,s,e,_,1,5,y,r,_,d,a,t,a,\,Z,E,P,P,.,c,s,v
n,y,s,e,_,1,5,y,r,_,d,a,t,a,\,R,E,L,X,.,c,s,v
n,y,s,e,_,1,5,y,r,_,d,a,t,a,\,F,B,K,.,c,s,v
n,y,s,e,_,1,5,y,r,_,d,a,t,a,\,R,M,A,X,.,c,s,v
n,y,s,e,_,1,5,y,r,_,d,a,t,a,\,K,T,H,.,c,s,v
n,y,s,e,_,1,5,y,r,_,d,a,t,a,\,P,N,I,.,c,s,v
n,y,s,e,_,1,5,y,r,_,d,a,t,a,\,I,P,G,.,c,s,v
n,y,s,e,_,1,5,y,r,_,d,a,t,a,\,O,M,I,.,c,s,v
n,y,s,e,_,1,5,y,r,_,d,a,t,a,\,D,R,I,.,c,s,v
n,y,s,e,_,1,5,y,r,_,d,a,t,a,\,H,Y,T,.,c,s,v
n,y,s,e,_,1,5,y,r,_,d,a,t,a,\,M,I,N,.,c,s,v
n,y,s,e,_,1,5,y,r,_,d,a,t,a,\,A,K,O,-,B,.,c,s,v
n,y,s,e,_,1,5,y,r,_,d,a,t,a,\,E,O,S,.,c,s,v
n,y,s,e,_,1,5,y,r,_,d,a,t,a,\,B,S,B,R,.,c,s,v
n,y,s,e,_,1,5,y,r,_,d,a,t,a,\,A,T,K,R,.,c,s,v
n,y,s,e,_,1,5,y,r,_,d,a,t,a,\,G,G,B,.,c,s,v
n,y,s,e,_,1,5,y,r,_,d,a,t,a,\,A,R,I,.,c,s,v
n,y,s,e,_,1,5,y,r,_,d,a,t,a,\,N,D,P,.,c,s,v
n,y,s,e,_,1,5,y,r,_,d,a,t,a,\,K,N,.,c,s,v
n,y,s,e,_,1,5,y,r,_,d,a,t,a,\,M,T,O,R,.,c,s,v
n,y,s,e,_,1,5,y,r,_,d,a,t,a,\,S,C,M,.,c,s,v
n,y,s,e,_,1,5,y,r,_,d,a,t,a,\,A,U,.,c,s,v
n,y,s,e,_,1,5,y,r,_,d,a,t,a,\,H,P,.,c,s,v
n,y,s,e,_,1,5,y,r,_,d,a,t,a,\,E,S,G,C,.,c,s,v
n,y,s,e,_,1,5,y,r,_,d,a,t,a,\,E,O,T,.,c,s,v
n,y,s,e,_,1,5,y,r,_,d,a,t,a,\,P,C,G,.,c,s,v
n,y,s,e,_,1,5,y,r,_,d,a,t,a,\,N,R,G,.,c,s,v
n,y,s,e,_,1,5,y,r,_,d,a,t,a,\,K,N,X,.,c,s,v
n,y,s,e,_,1,5,y,r,_,d,a,t,a,\,J,H,S,.,c,s,v
n,y,s,e,_,1,5,y,r,_,d,a,t,a,\,B,K,E,.,c,s,v
n,y,s,e,_,1,5,y,r,_,d,a,t,a,\,B,S,X,.,c,s,v
n,y,s,e,_,1,5,y,r,_,d,a,t,a,\,C,V,S,.,c,s,v
n,y,s,e,_,1,5,y,r,_,d,a,t,a,\,T,R,O,X,.,c,s,v
n,y,s,e,_,1,5,y,r,_,d,a,t,a,\,G,S,K,.,c,s,v
n,y,s,e,_,1,5,y,r,_,d,a,t,a,\,T,W,T,R,.,c,s,v
n,y,s,e,_,1,5,y,r,_,d,a,t,a,\,F,S,S,.,c,s,v
n,y,s,e,_,1,5,y,r,_,d,a,t,a,\,P,E,I,.,c,s,v
n,y,s,e,_,1,5,y,r,_,d,a,t,a,\,K,I,M,.,c,s,v
n,y,s,e,_,1,5,y,r,_,d,a,t,a,\,A,M,P,Y,.,c,s,v
n,y,s,e,_,1,5,y,r,_,d,a,t,a,\,P,V,L,.,c,s,v
n,y,s,e,_,1,5,y,r,_,d,a,t,a,\,F,F,C,.,c,s,v
n,y,s,e,_,1,5,y,r,_,d,a,t,a,\,N,S,.,c,s,v
n,y,s,e,_,1,5,y,r,_,d,a,t,a,\,B,C,O,.,c,s,v
n,y,s,e,_,1,5,y,r,_,d,a,t,a,\,B,A,H,.,c,s,v
n,y,s,e,_,1,5,y,r,_,d,a,t,a,\,K,M,B,.,c,s,v
n,y,s,e,_,1,5,y,r,_,d,a,t,a,\,A,S,A,.,c,s,v
n,y,s,e,_,1,5,y,r,_,d,a,t,a,\,R,Y,N,.,c,s,v
n,y,s,e,_,1,5,y,r,_,d,a,t,a,\,G,E,L,.,c,s,v
n,y,s,e,_,1,5,y,r,_,d,a,t,a,\,S,Q,N,S,.,c,s,v
n,y,s,e,_,1,5,y,r,_,d,a,t,a,\,L,E,A,.,c,s,v
n,y,s,e,_,1,5,y,r,_,d,a,t,a,\,N,Y,T,.,c,s,v
n,y,s,e,_,1,5,y,r,_,d,a,t,a,\,M,E,D,.,c,s,v
n,y,s,e,_,1,5,y,r,_,d,a,t,a,\,E,Q,N,R,.,c,s,v
n,y,s,e,_,1,5,y,r,_,d,a,t,a,\,P,L,N,T,.,c,s,v
n,y,s,e,_,1,5,y,r,_,d,a,t,a,\,B,F,-,B,.,c,s,v
n,y,s,e,_,1,5,y,r,_,d,a,t,a,\,M,F,V,.,c,s,v
n,y,s,e,_,1,5,y,r,_,d,a,t,a,\,P,W,R,.,c,s,v
n,y,s,e,_,1,5,y,r,_,d,a,t,a,\,F,L,T,.,c,s,v
n,y,s,e,_,1,5,y,r,_,d,a,t,a,\,J,Q,C,.,c,s,v
n,y,s,e,_,1,5,y,r,_,d,a,t,a,\,W,F,G,.,c,s,v
n,y,s,e,_,1,5,y,r,_,d,a,t,a,\,V,V,R,.,c,s,v
n,y,s,e,_,1,5,y,r,_,d,a,t,a,\,E,G,H,T,.,c,s,v
n,y,s,e,_,1,5,y,r,_,d,a,t,a,\,N,O,V,.,c,s,v
n,y,s,e,_,1,5,y,r,_,d,a,t,a,\,T,R,T,N,.,c,s,v
n,y,s,e,_,1,5,y,r,_,d,a,t,a,\,I,I,I,N,.,c,s,v
n,y,s,e,_,1,5,y,r,_,d,a,t,a,\,A,S,X,.,c,s,v
n,y,s,e,_,1,5,y,r,_,d,a,t,a,\,B,Y,.,c,s,v
n,y,s,e,_,1,5,y,r,_,d,a,t,a,\,B,I,T,.,c,s,v
n,y,s,e,_,1,5,y,r,_,d,a,t,a,\,R,Y,A,M,.,c,s,v
n,y,s,e,_,1,5,y,r,_,d,a,t,a,\,J,E,Q,.,c,s,v
n,y,s,e,_,1,5,y,r,_,d,a,t,a,\,W,M,S,.,c,s,v
n,y,s,e,_,1,5,y,r,_,d,a,t,a,\,M,A,N,U,.,c,s,v
n,y,s,e,_,1,5,y,r,_,d,a,t,a,\,E,M,D,.,c,s,v
n,y,s,e,_,1,5,y,r,_,d,a,t,a,\,E,S,I,.,c,s,v
n,y,s,e,_,1,5,y,r,_,d,a,t,a,\,T,C,I,.,c,s,v
n,y,s,e,_,1,5,y,r,_,d,a,t,a,\,M,.,c,s,v
n,y,s,e,_,1,5,y,r,_,d,a,t,a,\,M,G,A,.,c,s,v
n,y,s,e,_,1,5,y,r,_,d,a,t,a,\,W,F,.,c,s,v
n,y,s,e,_,1,5,y,r,_,d,a,t,a,\,X,O,M,.,c,s,v
n,y,s,e,_,1,5,y,r,_,d,a,t,a,\,A,Z,O,.,c,s,v
n,y,s,e,_,1,5,y,r,_,d,a,t,a,\,E,V,G,.,c,s,v
n,y,s,e,_,1,5,y,r,_,d,a,t,a,\,G,G,T,.,c,s,v
n,y,s,e,_,1,5,y,r,_,d,a,t,a,\,T,D,S,.,c,s,v
n,y,s,e,_,1,5,y,r,_,d,a,t,a,\,H,R,.,c,s,v
n,y,s,e,_,1,5,y,r,_,d,a,t,a,\,E,G,F,.,c,s,v
n,y,s,e,_,1,5,y,r,_,d,a,t,a,\,T,T,P,.,c,s,v
n,y,s,e,_,1,5,y,r,_,d,a,t,a,\,C,I,I,.,c,s,v
n,y,s,e,_,1,5,y,r,_,d,a,t,a,\,R,R,X,.,c,s,v
n,y,s,e,_,1,5,y,r,_,d,a,t,a,\,O,R,N,.,c,s,v
n,y,s,e,_,1,5,y,r,_,d,a,t,a,\,M,A,C,.,c,s,v
n,y,s,e,_,1,5,y,r,_,d,a,t,a,\,V,A,P,O,.,c,s,v
n,y,s,e,_,1,5,y,r,_,d,a,t,a,\,E,M,N,.,c,s,v
n,y,s,e,_,1,5,y,r,_,d,a,t,a,\,S,M,H,I,.,c,s,v
n,y,s,e,_,1,5,y,r,_,d,a,t,a,\,V,G,M,.,c,s,v
n,y,s,e,_,1,5,y,r,_,d,a,t,a,\,H,B,I,.,c,s,v
n,y,s,e,_,1,5,y,r,_,d,a,t,a,\,I,P,I,.,c,s,v
n,y,s,e,_,1,5,y,r,_,d,a,t,a,\,P,O,S,T,.,c,s,v
n,y,s,e,_,1,5,y,r,_,d,a,t,a,\,C,H,N,.,c,s,v
n,y,s,e,_,1,5,y,r,_,d,a,t,a,\,L,E,O,.,c,s,v
n,y,s,e,_,1,5,y,r,_,d,a,t,a,\,M,H,K,.,c,s,v
n,y,s,e,_,1,5,y,r,_,d,a,t,a,\,P,N,F,.,c,s,v
n,y,s,e,_,1,5,y,r,_,d,a,t,a,\,C,M,.,c,s,v
n,y,s,e,_,1,5,y,r,_,d,a,t,a,\,E,N,B,.,c,s,v
n,y,s,e,_,1,5,y,r,_,d,a,t,a,\,A,I,F,.,c,s,v
n,y,s,e,_,1,5,y,r,_,d,a,t,a,\,T,T,.,c,s,v
n,y,s,e,_,1,5,y,r,_,d,a,t,a,\,D,T,E,.,c,s,v
n,y,s,e,_,1,5,y,r,_,d,a,t,a,\,B,B,W,.,c,s,v
n,y,s,e,_,1,5,y,r,_,d,a,t,a,\,F,L,S,.,c,s,v
n,y,s,e,_,1,5,y,r,_,d,a,t,a,\,S,E,M,.,c,s,v
n,y,s,e,_,1,5,y,r,_,d,a,t,a,\,K,M,P,R,.,c,s,v
n,y,s,e,_,1,5,y,r,_,d,a,t,a,\,C,P,B,.,c,s,v
n,y,s,e,_,1,5,y,r,_,d,a,t,a,\,O,U,T,.,c,s,v
n,y,s,e,_,1,5,y,r,_,d,a,t,a,\,D,O,C,.,c,s,v
n,y,s,e,_,1,5,y,r,_,d,a,t,a,\,A,G,C,O,.,c,s,v
n,y,s,e,_,1,5,y,r,_,d,a,t,a,\,A,L,L,E,.,c,s,v
n,y,s,e,_,1,5,y,r,_,d,a,t,a,\,P,A,I,.,c,s,v
n,y,s,e,_,1,5,y,r,_,d,a,t,a,\,B,M,Y,.,c,s,v
n,y,s,e,_,1,5,y,r,_,d,a,t,a,\,H,L,.,c,s,v
n,y,s,e,_,1,5,y,r,_,d,a,t,a,\,P,A,R,.,c,s,v
n,y,s,e,_,1,5,y,r,_,d,a,t,a,\,F,S,M,.,c,s,v
n,y,s,e,_,1,5,y,r,_,d,a,t,a,\,T,V,C,.,c,s,v
n,y,s,e,_,1,5,y,r,_,d,a,t,a,\,R,N,G,.,c,s,v
n,y,s,e,_,1,5,y,r,_,d,a,t,a,\,N,X,D,T,.,c,s,v
n,y,s,e,_,1,5,y,r,_,d,a,t,a,\,I,Q,V,.,c,s,v
n,y,s,e,_,1,5,y,r,_,d,a,t,a,\,A,V,Y,.,c,s,v
n,y,s,e,_,1,5,y,r,_,d,a,t,a,\,R,P,T,.,c,s,v
n,y,s,e,_,1,5,y,r,_,d,a,t,a,\,S,S,L,.,c,s,v
n,y,s,e,_,1,5,y,r,_,d,a,t,a,\,C,O,E,.,c,s,v
n,y,s,e,_,1,5,y,r,_,d,a,t,a,\,E,P,C,.,c,s,v
n,y,s,e,_,1,5,y,r,_,d,a,t,a,\,X,P,R,O,.,c,s,v
n,y,s,e,_,1,5,y,r,_,d,a,t,a,\,T,D,O,C,.,c,s,v
n,y,s,e,_,1,5,y,r,_,d,a,t,a,\,R,D,N,.,c,s,v
n,y,s,e,_,1,5,y,r,_,d,a,t,a,\,G,B,L,I,.,c,s,v
n,y,s,e,_,1,5,y,r,_,d,a,t,a,\,S,U,N,.,c,s,v
n,y,s,e,_,1,5,y,r,_,d,a,t,a,\,S,M,G,.,c,s,v
n,y,s,e,_,1,5,y,r,_,d,a,t,a,\,L,P,G,.,c,s,v
n,y,s,e,_,1,5,y,r,_,d,a,t,a,\,M,P,C,.,c,s,v
n,y,s,e,_,1,5,y,r,_,d,a,t,a,\,L,A,C,.,c,s,v
n,y,s,e,_,1,5,y,r,_,d,a,t,a,\,V,P,G,.,c,s,v
n,y,s,e,_,1,5,y,r,_,d,a,t,a,\,G,J,S,.,c,s,v
n,y,s,e,_,1,5,y,r,_,d,a,t,a,\,P,S,F,.,c,s,v
n,y,s,e,_,1,5,y,r,_,d,a,t,a,\,A,G,.,c,s,v
n,y,s,e,_,1,5,y,r,_,d,a,t,a,\,A,R,L,.,c,s,v
n,y,s,e,_,1,5,y,r,_,d,a,t,a,\,C,T,O,S,.,c,s,v
n,y,s,e,_,1,5,y,r,_,d,a,t,a,\,W,R,K,.,c,s,v
n,y,s,e,_,1,5,y,r,_,d,a,t,a,\,B,R,F,S,.,c,s,v
n,y,s,e,_,1,5,y,r,_,d,a,t,a,\,R,A,D,.,c,s,v
n,y,s,e,_,1,5,y,r,_,d,a,t,a,\,M,C,.,c,s,v
n,y,s,e,_,1,5,y,r,_,d,a,t,a,\,I,O,.,c,s,v
n,y,s,e,_,1,5,y,r,_,d,a,t,a,\,N,G,V,C,.,c,s,v
n,y,s,e,_,1,5,y,r,_,d,a,t,a,\,N,O,A,.,c,s,v
n,y,s,e,_,1,5,y,r,_,d,a,t,a,\,T,D,F,.,c,s,v
n,y,s,e,_,1,5,y,r,_,d,a,t,a,\,A,M,R,X,.,c,s,v
n,y,s,e,_,1,5,y,r,_,d,a,t,a,\,H,E,I,.,c,s,v
n,y,s,e,_,1,5,y,r,_,d,a,t,a,\,C,X,W,.,c,s,v
n,y,s,e,_,1,5,y,r,_,d,a,t,a,\,T,R,E,X,.,c,s,v
n,y,s,e,_,1,5,y,r,_,d,a,t,a,\,E,T,G,.,c,s,v
n,y,s,e,_,1,5,y,r,_,d,a,t,a,\,D,U,K,.,c,s,v
n,y,s,e,_,1,5,y,r,_,d,a,t,a,\,N,U,E,.,c,s,v
n,y,s,e,_,1,5,y,r,_,d,a,t,a,\,N,S,L,.,c,s,v
n,y,s,e,_,1,5,y,r,_,d,a,t,a,\,N,I,O,.,c,s,v
n,y,s,e,_,1,5,y,r,_,d,a,t,a,\,S,A,M,.,c,s,v
n,y,s,e,_,1,5,y,r,_,d,a,t,a,\,I,P,.,c,s,v
n,y,s,e,_,1,5,y,r,_,d,a,t,a,\,D,H,I,.,c,s,v
n,y,s,e,_,1,5,y,r,_,d,a,t,a,\,F,C,T,.,c,s,v
n,y,s,e,_,1,5,y,r,_,d,a,t,a,\,I,V,Z,.,c,s,v
n,y,s,e,_,1,5,y,r,_,d,a,t,a,\,T,E,N,.,c,s,v
n,y,s,e,_,1,5,y,r,_,d,a,t,a,\,X,F,L,T,.,c,s,v
n,y,s,e,_,1,5,y,r,_,d,a,t,a,\,A,M,R,C,.,c,s,v
n,y,s,e,_,1,5,y,r,_,d,a,t,a,\,P,L,Y,M,.,c,s,v
n,y,s,e,_,1,5,y,r,_,d,a,t,a,\,T,R,N,O,.,c,s,v
n,y,s,e,_,1,5,y,r,_,d,a,t,a,\,D,V,A,.,c,s,v
n,y,s,e,_,1,5,y,r,_,d,a,t,a,\,O,X,Y,.,c,s,v
n,y,s,e,_,1,5,y,r,_,d,a,t,a,\,D,F,S,.,c,s,v
n,y,s,e,_,1,5,y,r,_,d,a,t,a,\,D,A,L,.,c,s,v
n,y,s,e,_,1,5,y,r,_,d,a,t,a,\,T,K,C,.,c,s,v
n,y,s,e,_,1,5,y,r,_,d,a,t,a,\,C,X,.,c,s,v
n,y,s,e,_,1,5,y,r,_,d,a,t,a,\,L,B,R,T,.,c,s,v
n,y,s,e,_,1,5,y,r,_,d,a,t,a,\,V,L,T,.,c,s,v
n,y,s,e,_,1,5,y,r,_,d,a,t,a,\,J,P,S,.,c,s,v
n,y,s,e,_,1,5,y,r,_,d,a,t,a,\,Y,E,X,T,.,c,s,v
n,y,s,e,_,1,5,y,r,_,d,a,t,a,\,E,S,N,T,.,c,s,v
n,y,s,e,_,1,5,y,r,_,d,a,t,a,\,U,G,I,.,c,s,v
n,y,s,e,_,1,5,y,r,_,d,a,t,a,\,C,I,A,.,c,s,v
n,y,s,e,_,1,5,y,r,_,d,a,t,a,\,S,U,I,.,c,s,v
n,y,s,e,_,1,5,y,r,_,d,a,t,a,\,D,R,D,.,c,s,v
n,y,s,e,_,1,5,y,r,_,d,a,t,a,\,C,A,E,.,c,s,v
n,y,s,e,_,1,5,y,r,_,d,a,t,a,\,C,T,D,D,.,c,s,v
n,y,s,e,_,1,5,y,r,_,d,a,t,a,\,G,P,K,.,c,s,v
n,y,s,e,_,1,5,y,r,_,d,a,t,a,\,K,O,D,K,.,c,s,v
n,y,s,e,_,1,5,y,r,_,d,a,t,a,\,W,M,K,.,c,s,v
n,y,s,e,_,1,5,y,r,_,d,a,t,a,\,H,E,I,-,A,.,c,s,v
n,y,s,e,_,1,5,y,r,_,d,a,t,a,\,T,S,E,.,c,s,v
n,y,s,e,_,1,5,y,r,_,d,a,t,a,\,E,T,R,.,c,s,v
n,y,s,e,_,1,5,y,r,_,d,a,t,a,\,C,L,H,.,c,s,v
n,y,s,e,_,1,5,y,r,_,d,a,t,a,\,C,M,I,.,c,s,v
n,y,s,e,_,1,5,y,r,_,d,a,t,a,\,V,A,L,E,.,c,s,v
n,y,s,e,_,1,5,y,r,_,d,a,t,a,\,N,O,M,.,c,s,v
n,y,s,e,_,1,5,y,r,_,d,a,t,a,\,R,F,L,.,c,s,v
n,y,s,e,_,1,5,y,r,_,d,a,t,a,\,A,N,F,.,c,s,v
n,y,s,e,_,1,5,y,r,_,d,a,t,a,\,S,U,P,.,c,s,v
n,y,s,e,_,1,5,y,r,_,d,a,t,a,\,W,S,T,.,c,s,v
n,y,s,e,_,1,5,y,r,_,d,a,t,a,\,P,F,D,.,c,s,v
n,y,s,e,_,1,5,y,r,_,d,a,t,a,\,C,N,S,.,c,s,v
n,y,s,e,_,1,5,y,r,_,d,a,t,a,\,G,J,O,.,c,s,v
n,y,s,e,_,1,5,y,r,_,d,a,t,a,\,G,M,R,E,.,c,s,v
n,y,s,e,_,1,5,y,r,_,d,a,t,a,\,L,P,L,.,c,s,v
n,y,s,e,_,1,5,y,r,_,d,a,t,a,\,S,K,X,.,c,s,v
n,y,s,e,_,1,5,y,r,_,d,a,t,a,\,P,C,N,.,c,s,v
n,y,s,e,_,1,5,y,r,_,d,a,t,a,\,C,G,A,U,.,c,s,v
n,y,s,e,_,1,5,y,r,_,d,a,t,a,\,I,T,.,c,s,v
n,y,s,e,_,1,5,y,r,_,d,a,t,a,\,C,P,G,.,c,s,v
n,y,s,e,_,1,5,y,r,_,d,a,t,a,\,A,V,N,T,.,c,s,v
n,y,s,e,_,1,5,y,r,_,d,a,t,a,\,I,R,.,c,s,v
n,y,s,e,_,1,5,y,r,_,d,a,t,a,\,S,A,P,.,c,s,v
n,y,s,e,_,1,5,y,r,_,d,a,t,a,\,D,H,T,.,c,s,v
n,y,s,e,_,1,5,y,r,_,d,a,t,a,\,D,S,X,.,c,s,v
n,y,s,e,_,1,5,y,r,_,d,a,t,a,\,H,.,c,s,v
n,y,s,e,_,1,5,y,r,_,d,a,t,a,\,W,D,.,c,s,v
n,y,s,e,_,1,5,y,r,_,d,a,t,a,\,T,A,R,O,.,c,s,v
n,y,s,e,_,1,5,y,r,_,d,a,t,a,\,G,H,L,.,c,s,v
n,y,s,e,_,1,5,y,r,_,d,a,t,a,\,A,R,R,.,c,s,v
n,y,s,e,_,1,5,y,r,_,d,a,t,a,\,U,L,.,c,s,v
n,y,s,e,_,1,5,y,r,_,d,a,t,a,\,I,A,E,.,c,s,v
n,y,s,e,_,1,5,y,r,_,d,a,t,a,\,E,F,L,.,c,s,v
n,y,s,e,_,1,5,y,r,_,d,a,t,a,\,W,L,K,P,.,c,s,v
n,y,s,e,_,1,5,y,r,_,d,a,t,a,\,C,M,S,.,c,s,v
n,y,s,e,_,1,5,y,r,_,d,a,t,a,\,X,P,O,.,c,s,v
n,y,s,e,_,1,5,y,r,_,d,a,t,a,\,L,L,.,c,s,v
n,y,s,e,_,1,5,y,r,_,d,a,t,a,\,E,V,R,I,.,c,s,v
n,y,s,e,_,1,5,y,r,_,d,a,t,a,\,J,T,.,c,s,v
n,y,s,e,_,1,5,y,r,_,d,a,t,a,\,P,K,I,.,c,s,v
n,y,s,e,_,1,5,y,r,_,d,a,t,a,\,T,H,G,.,c,s,v
n,y,s,e,_,1,5,y,r,_,d,a,t,a,\,S,O,N,.,c,s,v
n,y,s,e,_,1,5,y,r,_,d,a,t,a,\,S,P,X,C,.,c,s,v
n,y,s,e,_,1,5,y,r,_,d,a,t,a,\,C,S,R,.,c,s,v
n,y,s,e,_,1,5,y,r,_,d,a,t,a,\,H,F,R,O,.,c,s,v
n,y,s,e,_,1,5,y,r,_,d,a,t,a,\,J,P,I,.,c,s,v
n,y,s,e,_,1,5,y,r,_,d,a,t,a,\,T,W,N,.,c,s,v
n,y,s,e,_,1,5,y,r,_,d,a,t,a,\,A,M,N,.,c,s,v
n,y,s,e,_,1,5,y,r,_,d,a,t,a,\,S,B,R,.,c,s,v
n,y,s,e,_,1,5,y,r,_,d,a,t,a,\,P,B,.,c,s,v
n,y,s,e,_,1,5,y,r,_,d,a,t,a,\,A,T,G,E,.,c,s,v
n,y,s,e,_,1,5,y,r,_,d,a,t,a,\,B,S,T,.,c,s,v
n,y,s,e,_,1,5,y,r,_,d,a,t,a,\,H,M,C,.,c,s,v
n,y,s,e,_,1,5,y,r,_,d,a,t,a,\,S,F,.,c,s,v
n,y,s,e,_,1,5,y,r,_,d,a,t,a,\,G,D,O,.,c,s,v
n,y,s,e,_,1,5,y,r,_,d,a,t,a,\,L,T,H,M,.,c,s,v
n,y,s,e,_,1,5,y,r,_,d,a,t,a,\,J,P,M,.,c,s,v
n,y,s,e,_,1,5,y,r,_,d,a,t,a,\,B,R,.,c,s,v
n,y,s,e,_,1,5,y,r,_,d,a,t,a,\,L,A,D,R,.,c,s,v
n,y,s,e,_,1,5,y,r,_,d,a,t,a,\,X,.,c,s,v
n,y,s,e,_,1,5,y,r,_,d,a,t,a,\,Y,E,L,P,.,c,s,v
n,y,s,e,_,1,5,y,r,_,d,a,t,a,\,M,A,N,.,c,s,v
n,y,s,e,_,1,5,y,r,_,d,a,t,a,\,M,V,T,.,c,s,v
n,y,s,e,_,1,5,y,r,_,d,a,t,a,\,G,P,I,.,c,s,v
n,y,s,e,_,1,5,y,r,_,d,a,t,a,\,B,T,U,.,c,s,v
n,y,s,e,_,1,5,y,r,_,d,a,t,a,\,C,E,M,.,c,s,v
n,y,s,e,_,1,5,y,r,_,d,a,t,a,\,O,R,.,c,s,v
n,y,s,e,_,1,5,y,r,_,d,a,t,a,\,B,A,X,.,c,s,v
n,y,s,e,_,1,5,y,r,_,d,a,t,a,\,A,V,A,L,.,c,s,v
n,y,s,e,_,1,5,y,r,_,d,a,t,a,\,M,L,I,.,c,s,v
n,y,s,e,_,1,5,y,r,_,d,a,t,a,\,N,L,Y,.,c,s,v
n,y,s,e,_,1,5,y,r,_,d,a,t,a,\,E,V,A,.,c,s,v
n,y,s,e,_,1,5,y,r,_,d,a,t,a,\,W,B,T,.,c,s,v
n,y,s,e,_,1,5,y,r,_,d,a,t,a,\,U,S,N,A,.,c,s,v
n,y,s,e,_,1,5,y,r,_,d,a,t,a,\,E,V,C,.,c,s,v
n,y,s,e,_,1,5,y,r,_,d,a,t,a,\,V,R,S,.,c,s,v
n,y,s,e,_,1,5,y,r,_,d,a,t,a,\,L,C,I,.,c,s,v
n,y,s,e,_,1,5,y,r,_,d,a,t,a,\,J,N,J,.,c,s,v
n,y,s,e,_,1,5,y,r,_,d,a,t,a,\,R,N,R,.,c,s,v
n,y,s,e,_,1,5,y,r,_,d,a,t,a,\,C,L,B,.,c,s,v
n,y,s,e,_,1,5,y,r,_,d,a,t,a,\,G,O,L,F,.,c,s,v
n,y,s,e,_,1,5,y,r,_,d,a,t,a,\,S,M,P,.,c,s,v
n,y,s,e,_,1,5,y,r,_,d,a,t,a,\,C,M,P,.,c,s,v
n,y,s,e,_,1,5,y,r,_,d,a,t,a,\,O,G,E,.,c,s,v
n,y,s,e,_,1,5,y,r,_,d,a,t,a,\,W,M,B,.,c,s,v
n,y,s,e,_,1,5,y,r,_,d,a,t,a,\,B,K,H,.,c,s,v
n,y,s,e,_,1,5,y,r,_,d,a,t,a,\,B,O,M,N,.,c,s,v
n,y,s,e,_,1,5,y,r,_,d,a,t,a,\,B,H,E,.,c,s,v
n,y,s,e,_,1,5,y,r,_,d,a,t,a,\,X,H,R,.,c,s,v
n,y,s,e,_,1,5,y,r,_,d,a,t,a,\,P,B,R,.,c,s,v
n,y,s,e,_,1,5,y,r,_,d,a,t,a,\,S,E,A,S,.,c,s,v
n,y,s,e,_,1,5,y,r,_,d,a,t,a,\,A,V,D,.,c,s,v
n,y,s,e,_,1,5,y,r,_,d,a,t,a,\,N,P,K,.,c,s,v
n,y,s,e,_,1,5,y,r,_,d,a,t,a,\,C,R,.,c,s,v
n,y,s,e,_,1,5,y,r,_,d,a,t,a,\,B,C,H,.,c,s,v
n,y,s,e,_,1,5,y,r,_,d,a,t,a,\,Y,P,F,.,c,s,v
n,y,s,e,_,1,5,y,r,_,d,a,t,a,\,C,M,U,.,c,s,v
n,y,s,e,_,1,5,y,r,_,d,a,t,a,\,R,V,T,.,c,s,v
n,y,s,e,_,1,5,y,r,_,d,a,t,a,\,M,F,A,.,c,s,v
n,y,s,e,_,1,5,y,r,_,d,a,t,a,\,S,J,I,.,c,s,v
n,y,s,e,_,1,5,y,r,_,d,a,t,a,\,B,F,A,M,.,c,s,v
n,y,s,e,_,1,5,y,r,_,d,a,t,a,\,A,M,H,.,c,s,v
n,y,s,e,_,1,5,y,r,_,d,a,t,a,\,B,R,K,-,A,.,c,s,v
n,y,s,e,_,1,5,y,r,_,d,a,t,a,\,G,D,.,c,s,v
n,y,s,e,_,1,5,y,r,_,d,a,t,a,\,A,.,c,s,v
n,y,s,e,_,1,5,y,r,_,d,a,t,a,\,H,B,M,.,c,s,v
n,y,s,e,_,1,5,y,r,_,d,a,t,a,\,U,T,L,.,c,s,v
n,y,s,e,_,1,5,y,r,_,d,a,t,a,\,C,F,G,.,c,s,v
n,y,s,e,_,1,5,y,r,_,d,a,t,a,\,M,Q,Y,.,c,s,v
n,y,s,e,_,1,5,y,r,_,d,a,t,a,\,C,O,R,R,.,c,s,v
n,y,s,e,_,1,5,y,r,_,d,a,t,a,\,V,G,R,.,c,s,v
n,y,s,e,_,1,5,y,r,_,d,a,t,a,\,P,L,A,N,.,c,s,v
n,y,s,e,_,1,5,y,r,_,d,a,t,a,\,A,E,G,.,c,s,v
n,y,s,e,_,1,5,y,r,_,d,a,t,a,\,I,F,F,.,c,s,v
n,y,s,e,_,1,5,y,r,_,d,a,t,a,\,P,O,L,Y,.,c,s,v
n,y,s,e,_,1,5,y,r,_,d,a,t,a,\,A,J,X,.,c,s,v
n,y,s,e,_,1,5,y,r,_,d,a,t,a,\,B,A,B,A,.,c,s,v
n,y,s,e,_,1,5,y,r,_,d,a,t,a,\,S,R,L,P,.,c,s,v
n,y,s,e,_,1,5,y,r,_,d,a,t,a,\,J,W,-,A,.,c,s,v
n,y,s,e,_,1,5,y,r,_,d,a,t,a,\,K,M,F,.,c,s,v
n,y,s,e,_,1,5,y,r,_,d,a,t,a,\,S,B,H,.,c,s,v
n,y,s,e,_,1,5,y,r,_,d,a,t,a,\,P,F,O,.,c,s,v
n,y,s,e,_,1,5,y,r,_,d,a,t,a,\,G,N,L,.,c,s,v
n,y,s,e,_,1,5,y,r,_,d,a,t,a,\,D,H,R,.,c,s,v
n,y,s,e,_,1,5,y,r,_,d,a,t,a,\,A,B,B,V,.,c,s,v
n,y,s,e,_,1,5,y,r,_,d,a,t,a,\,F,.,c,s,v
n,y,s,e,_,1,5,y,r,_,d,a,t,a,\,B,N,Y,.,c,s,v
n,y,s,e,_,1,5,y,r,_,d,a,t,a,\,C,L,S,.,c,s,v
n,y,s,e,_,1,5,y,r,_,d,a,t,a,\,T,R,N,.,c,s,v
n,y,s,e,_,1,5,y,r,_,d,a,t,a,\,C,A,R,S,.,c,s,v
n,y,s,e,_,1,5,y,r,_,d,a,t,a,\,B,S,A,C,.,c,s,v
n,y,s,e,_,1,5,y,r,_,d,a,t,a,\,P,I,M,.,c,s,v
n,y,s,e,_,1,5,y,r,_,d,a,t,a,\,P,D,S,.,c,s,v
n,y,s,e,_,1,5,y,r,_,d,a,t,a,\,F,L,O,.,c,s,v
n,y,s,e,_,1,5,y,r,_,d,a,t,a,\,V,A,C,.,c,s,v
n,y,s,e,_,1,5,y,r,_,d,a,t,a,\,N,B,B,.,c,s,v
n,y,s,e,_,1,5,y,r,_,d,a,t,a,\,A,Q,N,.,c,s,v
n,y,s,e,_,1,5,y,r,_,d,a,t,a,\,S,K,T,.,c,s,v
n,y,s,e,_,1,5,y,r,_,d,a,t,a,\,I,T,U,B,.,c,s,v
n,y,s,e,_,1,5,y,r,_,d,a,t,a,\,A,R,E,S,.,c,s,v
n,y,s,e,_,1,5,y,r,_,d,a,t,a,\,N,C,.,c,s,v
n,y,s,e,_,1,5,y,r,_,d,a,t,a,\,H,S,B,C,.,c,s,v
n,y,s,e,_,1,5,y,r,_,d,a,t,a,\,H,L,T,.,c,s,v
n,y,s,e,_,1,5,y,r,_,d,a,t,a,\,S,H,L,X,.,c,s,v
n,y,s,e,_,1,5,y,r,_,d,a,t,a,\,W,P,P,.,c,s,v
n,y,s,e,_,1,5,y,r,_,d,a,t,a,\,D,O,V,.,c,s,v
n,y,s,e,_,1,5,y,r,_,d,a,t,a,\,I,V,T,.,c,s,v
n,y,s,e,_,1,5,y,r,_,d,a,t,a,\,D,U,K,B,.,c,s,v
n,y,s,e,_,1,5,y,r,_,d,a,t,a,\,E,Q,T,.,c,s,v
n,y,s,e,_,1,5,y,r,_,d,a,t,a,\,C,A,J,.,c,s,v
n,y,s,e,_,1,5,y,r,_,d,a,t,a,\,H,M,N,.,c,s,v
n,y,s,e,_,1,5,y,r,_,d,a,t,a,\,B,T,A,.,c,s,v
n,y,s,e,_,1,5,y,r,_,d,a,t,a,\,T,R,P,.,c,s,v
n,y,s,e,_,1,5,y,r,_,d,a,t,a,\,O,C,N,.,c,s,v
n,y,s,e,_,1,5,y,r,_,d,a,t,a,\,C,T,T,.,c,s,v
n,y,s,e,_,1,5,y,r,_,d,a,t,a,\,N,V,R,O,.,c,s,v
n,y,s,e,_,1,5,y,r,_,d,a,t,a,\,T,M,S,T,.,c,s,v
n,y,s,e,_,1,5,y,r,_,d,a,t,a,\,P,B,F,.,c,s,v
n,y,s,e,_,1,5,y,r,_,d,a,t,a,\,P,R,L,B,.,c,s,v
n,y,s,e,_,1,5,y,r,_,d,a,t,a,\,A,A,.,c,s,v
n,y,s,e,_,1,5,y,r,_,d,a,t,a,\,E,T,Y,.,c,s,v
n,y,s,e,_,1,5,y,r,_,d,a,t,a,\,F,C,F,.,c,s,v
n,y,s,e,_,1,5,y,r,_,d,a,t,a,\,B,O,O,T,.,c,s,v
n,y,s,e,_,1,5,y,r,_,d,a,t,a,\,E,D,I,.,c,s,v
n,y,s,e,_,1,5,y,r,_,d,a,t,a,\,N,A,Z,.,c,s,v
n,y,s,e,_,1,5,y,r,_,d,a,t,a,\,G,B,.,c,s,v
n,y,s,e,_,1,5,y,r,_,d,a,t,a,\,M,N,P,.,c,s,v
n,y,s,e,_,1,5,y,r,_,d,a,t,a,\,P,D,T,.,c,s,v
n,y,s,e,_,1,5,y,r,_,d,a,t,a,\,G,N,K,.,c,s,v
n,y,s,e,_,1,5,y,r,_,d,a,t,a,\,O,S,K,.,c,s,v
n,y,s,e,_,1,5,y,r,_,d,a,t,a,\,S,L,G,.,c,s,v
n,y,s,e,_,1,5,y,r,_,d,a,t,a,\,A,C,H,.,c,s,v
n,y,s,e,_,1,5,y,r,_,d,a,t,a,\,T,B,B,.,c,s,v
n,y,s,e,_,1,5,y,r,_,d,a,t,a,\,W,W,E,.,c,s,v
n,y,s,e,_,1,5,y,r,_,d,a,t,a,\,R,Y,B,.,c,s,v
n,y,s,e,_,1,5,y,r,_,d,a,t,a,\,N,M,M,.,c,s,v
n,y,s,e,_,1,5,y,r,_,d,a,t,a,\,P,G,R,E,.,c,s,v
n,y,s,e,_,1,5,y,r,_,d,a,t,a,\,O,M,F,.,c,s,v
n,y,s,e,_,1,5,y,r,_,d,a,t,a,\,J,P,T,.,c,s,v
n,y,s,e,_,1,5,y,r,_,d,a,t,a,\,N,G,L,.,c,s,v
n,y,s,e,_,1,5,y,r,_,d,a,t,a,\,S,P,N,T,.,c,s,v
n,y,s,e,_,1,5,y,r,_,d,a,t,a,\,B,O,X,.,c,s,v
n,y,s,e,_,1,5,y,r,_,d,a,t,a,\,P,M,M,.,c,s,v
n,y,s,e,_,1,5,y,r,_,d,a,t,a,\,A,G,S,.,c,s,v
n,y,s,e,_,1,5,y,r,_,d,a,t,a,\,B,G,B,.,c,s,v
n,y,s,e,_,1,5,y,r,_,d,a,t,a,\,O,C,.,c,s,v
n,y,s,e,_,1,5,y,r,_,d,a,t,a,\,A,Z,U,L,.,c,s,v
n,y,s,e,_,1,5,y,r,_,d,a,t,a,\,G,I,B,.,c,s,v
n,y,s,e,_,1,5,y,r,_,d,a,t,a,\,T,H,S,.,c,s,v
n,y,s,e,_,1,5,y,r,_,d,a,t,a,\,A,M,B,C,.,c,s,v
n,y,s,e,_,1,5,y,r,_,d,a,t,a,\,S,P,L,P,.,c,s,v
n,y,s,e,_,1,5,y,r,_,d,a,t,a,\,E,V,F,.,c,s,v
n,y,s,e,_,1,5,y,r,_,d,a,t,a,\,S,Q,.,c,s,v
n,y,s,e,_,1,5,y,r,_,d,a,t,a,\,E,V,T,.,c,s,v
n,y,s,e,_,1,5,y,r,_,d,a,t,a,\,A,U,D,.,c,s,v
n,y,s,e,_,1,5,y,r,_,d,a,t,a,\,O,S,G,.,c,s,v
n,y,s,e,_,1,5,y,r,_,d,a,t,a,\,T,T,C,.,c,s,v
n,y,s,e,_,1,5,y,r,_,d,a,t,a,\,T,E,O,.,c,s,v
n,y,s,e,_,1,5,y,r,_,d,a,t,a,\,H,N,I,.,c,s,v
n,y,s,e,_,1,5,y,r,_,d,a,t,a,\,S,R,V,.,c,s,v
n,y,s,e,_,1,5,y,r,_,d,a,t,a,\,M,S,M,.,c,s,v
n,y,s,e,_,1,5,y,r,_,d,a,t,a,\,A,V,Y,A,.,c,s,v
n,y,s,e,_,1,5,y,r,_,d,a,t,a,\,B,G,R,.,c,s,v
n,y,s,e,_,1,5,y,r,_,d,a,t,a,\,V,A,T,E,.,c,s,v
n,y,s,e,_,1,5,y,r,_,d,a,t,a,\,A,G,M,.,c,s,v
n,y,s,e,_,1,5,y,r,_,d,a,t,a,\,V,N,T,R,.,c,s,v
n,y,s,e,_,1,5,y,r,_,d,a,t,a,\,A,V,N,S,.,c,s,v
n,y,s,e,_,1,5,y,r,_,d,a,t,a,\,C,T,R,A,.,c,s,v
n,y,s,e,_,1,5,y,r,_,d,a,t,a,\,P,F,E,.,c,s,v
n,y,s,e,_,1,5,y,r,_,d,a,t,a,\,V,E,C,.,c,s,v
n,y,s,e,_,1,5,y,r,_,d,a,t,a,\,H,T,G,C,.,c,s,v
n,y,s,e,_,1,5,y,r,_,d,a,t,a,\,K,T,.,c,s,v
n,y,s,e,_,1,5,y,r,_,d,a,t,a,\,U,S,F,D,.,c,s,v
n,y,s,e,_,1,5,y,r,_,d,a,t,a,\,S,X,T,.,c,s,v
n,y,s,e,_,1,5,y,r,_,d,a,t,a,\,D,E,X,.,c,s,v
n,y,s,e,_,1,5,y,r,_,d,a,t,a,\,A,E,R,.,c,s,v
n,y,s,e,_,1,5,y,r,_,d,a,t,a,\,C,U,Z,.,c,s,v
n,y,s,e,_,1,5,y,r,_,d,a,t,a,\,P,B,F,X,.,c,s,v
n,y,s,e,_,1,5,y,r,_,d,a,t,a,\,F,A,F,.,c,s,v
n,y,s,e,_,1,5,y,r,_,d,a,t,a,\,R,W,T,.,c,s,v
n,y,s,e,_,1,5,y,r,_,d,a,t,a,\,A,G,D,.,c,s,v
n,y,s,e,_,1,5,y,r,_,d,a,t,a,\,C,R,I,.,c,s,v
n,y,s,e,_,1,5,y,r,_,d,a,t,a,\,G,M,.,c,s,v
n,y,s,e,_,1,5,y,r,_,d,a,t,a,\,R,A,.,c,s,v
n,y,s,e,_,1,5,y,r,_,d,a,t,a,\,C,O,T,Y,.,c,s,v
n,y,s,e,_,1,5,y,r,_,d,a,t,a,\,P,A,C,.,c,s,v
n,y,s,e,_,1,5,y,r,_,d,a,t,a,\,P,R,S,.,c,s,v
n,y,s,e,_,1,5,y,r,_,d,a,t,a,\,B,B,W,I,.,c,s,v
n,y,s,e,_,1,5,y,r,_,d,a,t,a,\,S,H,O,.,c,s,v
n,y,s,e,_,1,5,y,r,_,d,a,t,a,\,K,B,H,.,c,s,v
n,y,s,e,_,1,5,y,r,_,d,a,t,a,\,S,T,A,G,.,c,s,v
n,y,s,e,_,1,5,y,r,_,d,a,t,a,\,K,S,S,.,c,s,v
n,y,s,e,_,1,5,y,r,_,d,a,t,a,\,A,L,B,.,c,s,v
n,y,s,e,_,1,5,y,r,_,d,a,t,a,\,K,R,P,.,c,s,v
n,y,s,e,_,1,5,y,r,_,d,a,t,a,\,E,A,R,N,.,c,s,v
n,y,s,e,_,1,5,y,r,_,d,a,t,a,\,B,T,Z,.,c,s,v
n,y,s,e,_,1,5,y,r,_,d,a,t,a,\,M,T,B,.,c,s,v
n,y,s,e,_,1,5,y,r,_,d,a,t,a,\,B,D,J,.,c,s,v
n,y,s,e,_,1,5,y,r,_,d,a,t,a,\,E,S,T,E,.,c,s,v
n,y,s,e,_,1,5,y,r,_,d,a,t,a,\,F,N,B,.,c,s,v
n,y,s,e,_,1,5,y,r,_,d,a,t,a,\,A,R,G,O,.,c,s,v
n,y,s,e,_,1,5,y,r,_,d,a,t,a,\,T,V,E,.,c,s,v
n,y,s,e,_,1,5,y,r,_,d,a,t,a,\,L,V,S,.,c,s,v
n,y,s,e,_,1,5,y,r,_,d,a,t,a,\,H,P,S,.,c,s,v
n,y,s,e,_,1,5,y,r,_,d,a,t,a,\,B,I,O,-,B,.,c,s,v
n,y,s,e,_,1,5,y,r,_,d,a,t,a,\,B,I,P,.,c,s,v
n,y,s,e,_,1,5,y,r,_,d,a,t,a,\,C,M,S,C,.,c,s,v
n,y,s,e,_,1,5,y,r,_,d,a,t,a,\,M,O,V,.,c,s,v
n,y,s,e,_,1,5,y,r,_,d,a,t,a,\,T,P,V,G,.,c,s,v
n,y,s,e,_,1,5,y,r,_,d,a,t,a,\,V,C,R,A,.,c,s,v
n,y,s,e,_,1,5,y,r,_,d,a,t,a,\,S,W,X,.,c,s,v
n,y,s,e,_,1,5,y,r,_,d,a,t,a,\,C,O,O,.,c,s,v
n,y,s,e,_,1,5,y,r,_,d,a,t,a,\,S,N,A,.,c,s,v
n,y,s,e,_,1,5,y,r,_,d,a,t,a,\,B,A,P,.,c,s,v
n,y,s,e,_,1,5,y,r,_,d,a,t,a,\,A,N,.,c,s,v
n,y,s,e,_,1,5,y,r,_,d,a,t,a,\,R,O,K,.,c,s,v
n,y,s,e,_,1,5,y,r,_,d,a,t,a,\,A,X,S,.,c,s,v
n,y,s,e,_,1,5,y,r,_,d,a,t,a,\,G,I,C,.,c,s,v
n,y,s,e,_,1,5,y,r,_,d,a,t,a,\,N,Q,P,.,c,s,v
n,y,s,e,_,1,5,y,r,_,d,a,t,a,\,P,K,E,.,c,s,v
n,y,s,e,_,1,5,y,r,_,d,a,t,a,\,C,R,M,.,c,s,v
n,y,s,e,_,1,5,y,r,_,d,a,t,a,\,V,R,T,.,c,s,v
n,y,s,e,_,1,5,y,r,_,d,a,t,a,\,S,D,.,c,s,v
n,y,s,e,_,1,5,y,r,_,d,a,t,a,\,M,O,.,c,s,v
n,y,s,e,_,1,5,y,r,_,d,a,t,a,\,M,F,C,.,c,s,v
n,y,s,e,_,1,5,y,r,_,d,a,t,a,\,B,V,H,.,c,s,v
n,y,s,e,_,1,5,y,r,_,d,a,t,a,\,G,T,Y,.,c,s,v
n,y,s,e,_,1,5,y,r,_,d,a,t,a,\,O,I,I,.,c,s,v
n,y,s,e,_,1,5,y,r,_,d,a,t,a,\,M,Q,T,.,c,s,v
n,y,s,e,_,1,5,y,r,_,d,a,t,a,\,S,B,S,W,.,c,s,v
n,y,s,e,_,1,5,y,r,_,d,a,t,a,\,I,R,M,.,c,s,v
n,y,s,e,_,1,5,y,r,_,d,a,t,a,\,E,V,R,.,c,s,v
n,y,s,e,_,1,5,y,r,_,d,a,t,a,\,G,.,c,s,v
n,y,s,e,_,1,5,y,r,_,d,a,t,a,\,P,R,G,.,c,s,v
n,y,s,e,_,1,5,y,r,_,d,a,t,a,\,P,S,B,.,c,s,v
n,y,s,e,_,1,5,y,r,_,d,a,t,a,\,I,H,D,.,c,s,v
n,y,s,e,_,1,5,y,r,_,d,a,t,a,\,G,S,B,D,.,c,s,v
n,y,s,e,_,1,5,y,r,_,d,a,t,a,\,G,D,V,.,c,s,v
n,y,s,e,_,1,5,y,r,_,d,a,t,a,\,U,A,A,.,c,s,v
n,y,s,e,_,1,5,y,r,_,d,a,t,a,\,A,H,T,.,c,s,v
n,y,s,e,_,1,5,y,r,_,d,a,t,a,\,B,H,.,c,s,v
n,y,s,e,_,1,5,y,r,_,d,a,t,a,\,D,B,I,.,c,s,v
n,y,s,e,_,1,5,y,r,_,d,a,t,a,\,N,U,S,.,c,s,v
n,y,s,e,_,1,5,y,r,_,d,a,t,a,\,E,X,P,R,.,c,s,v
n,y,s,e,_,1,5,y,r,_,d,a,t,a,\,N,I,Q,.,c,s,v
n,y,s,e,_,1,5,y,r,_,d,a,t,a,\,N,X,C,.,c,s,v
n,y,s,e,_,1,5,y,r,_,d,a,t,a,\,S,U,P,V,.,c,s,v
n,y,s,e,_,1,5,y,r,_,d,a,t,a,\,R,I,G,.,c,s,v
n,y,s,e,_,1,5,y,r,_,d,a,t,a,\,I,S,D,.,c,s,v
n,y,s,e,_,1,5,y,r,_,d,a,t,a,\,M,A,X,R,.,c,s,v
n,y,s,e,_,1,5,y,r,_,d,a,t,a,\,E,S,T,C,.,c,s,v
n,y,s,e,_,1,5,y,r,_,d,a,t,a,\,B,U,I,.,c,s,v
n,y,s,e,_,1,5,y,r,_,d,a,t,a,\,A,M,X,.,c,s,v
n,y,s,e,_,1,5,y,r,_,d,a,t,a,\,M,G,U,.,c,s,v
n,y,s,e,_,1,5,y,r,_,d,a,t,a,\,L,C,.,c,s,v
n,y,s,e,_,1,5,y,r,_,d,a,t,a,\,T,H,O,.,c,s,v
n,y,s,e,_,1,5,y,r,_,d,a,t,a,\,M,T,G,.,c,s,v
n,y,s,e,_,1,5,y,r,_,d,a,t,a,\,G,M,S,.,c,s,v
n,y,s,e,_,1,5,y,r,_,d,a,t,a,\,S,T,L,A,.,c,s,v
n,y,s,e,_,1,5,y,r,_,d,a,t,a,\,S,Y,Y,.,c,s,v
n,y,s,e,_,1,5,y,r,_,d,a,t,a,\,G,N,W,.,c,s,v
n,y,s,e,_,1,5,y,r,_,d,a,t,a,\,F,T,I,.,c,s,v
n,y,s,e,_,1,5,y,r,_,d,a,t,a,\,C,E,A,.,c,s,v
n,y,s,e,_,1,5,y,r,_,d,a,t,a,\,A,Y,I,.,c,s,v
n,y,s,e,_,1,5,y,r,_,d,a,t,a,\,S,N,P,.,c,s,v
n,y,s,e,_,1,5,y,r,_,d,a,t,a,\,V,H,C,.,c,s,v
n,y,s,e,_,1,5,y,r,_,d,a,t,a,\,C,N,A,.,c,s,v
n,y,s,e,_,1,5,y,r,_,d,a,t,a,\,S,W,K,.,c,s,v
n,y,s,e,_,1,5,y,r,_,d,a,t,a,\,C,Y,D,.,c,s,v
n,y,s,e,_,1,5,y,r,_,d,a,t,a,\,S,E,E,.,c,s,v
n,y,s,e,_,1,5,y,r,_,d,a,t,a,\,T,X,T,.,c,s,v
n,y,s,e,_,1,5,y,r,_,d,a,t,a,\,V,M,W,.,c,s,v
n,y,s,e,_,1,5,y,r,_,d,a,t,a,\,S,S,T,K,.,c,s,v
n,y,s,e,_,1,5,y,r,_,d,a,t,a,\,C,C,O,.,c,s,v
n,y,s,e,_,1,5,y,r,_,d,a,t,a,\,F,H,N,.,c,s,v
n,y,s,e,_,1,5,y,r,_,d,a,t,a,\,C,X,E,.,c,s,v
n,y,s,e,_,1,5,y,r,_,d,a,t,a,\,K,R,.,c,s,v
n,y,s,e,_,1,5,y,r,_,d,a,t,a,\,A,C,.,c,s,v
n,y,s,e,_,1,5,y,r,_,d,a,t,a,\,B,M,E,.,c,s,v
n,y,s,e,_,1,5,y,r,_,d,a,t,a,\,W,I,W,.,c,s,v
n,y,s,e,_,1,5,y,r,_,d,a,t,a,\,C,T,B,B,.,c,s,v
n,y,s,e,_,1,5,y,r,_,d,a,t,a,\,J,E,F,.,c,s,v
n,y,s,e,_,1,5,y,r,_,d,a,t,a,\,U,H,T,.,c,s,v
n,y,s,e,_,1,5,y,r,_,d,a,t,a,\,I,H,G,.,c,s,v
n,y,s,e,_,1,5,y,r,_,d,a,t,a,\,M,K,C,.,c,s,v
n,y,s,e,_,1,5,y,r,_,d,a,t,a,\,F,E,D,U,.,c,s,v
n,y,s,e,_,1,5,y,r,_,d,a,t,a,\,N,M,T,.,c,s,v
n,y,s,e,_,1,5,y,r,_,d,a,t,a,\,H,Z,O,.,c,s,v
n,y,s,e,_,1,5,y,r,_,d,a,t,a,\,C,M,S,A,.,c,s,v
n,y,s,e,_,1,5,y,r,_,d,a,t,a,\,D,X,.,c,s,v
n,y,s,e,_,1,5,y,r,_,d,a,t,a,\,G,B,X,.,c,s,v
n,y,s,e,_,1,5,y,r,_,d,a,t,a,\,T,S,N,.,c,s,v
n,y,s,e,_,1,5,y,r,_,d,a,t,a,\,Z,W,S,.,c,s,v
n,y,s,e,_,1,5,y,r,_,d,a,t,a,\,O,R,C,.,c,s,v
n,y,s,e,_,1,5,y,r,_,d,a,t,a,\,H,Q,H,.,c,s,v
n,y,s,e,_,1,5,y,r,_,d,a,t,a,\,W,T,T,R,.,c,s,v
n,y,s,e,_,1,5,y,r,_,d,a,t,a,\,E,R,O,.,c,s,v
n,y,s,e,_,1,5,y,r,_,d,a,t,a,\,S,Z,C,.,c,s,v
n,y,s,e,_,1,5,y,r,_,d,a,t,a,\,S,T,E,.,c,s,v
n,y,s,e,_,1,5,y,r,_,d,a,t,a,\,D,L,B,.,c,s,v
n,y,s,e,_,1,5,y,r,_,d,a,t,a,\,M,P,V,.,c,s,v
n,y,s,e,_,1,5,y,r,_,d,a,t,a,\,A,L,E,X,.,c,s,v
n,y,s,e,_,1,5,y,r,_,d,a,t,a,\,R,M,T,.,c,s,v
n,y,s,e,_,1,5,y,r,_,d,a,t,a,\,L,O,M,A,.,c,s,v
n,y,s,e,_,1,5,y,r,_,d,a,t,a,\,K,F,.,c,s,v
n,y,s,e,_,1,5,y,r,_,d,a,t,a,\,E,N,O,.,c,s,v
n,y,s,e,_,1,5,y,r,_,d,a,t,a,\,C,T,K,.,c,s,v
n,y,s,e,_,1,5,y,r,_,d,a,t,a,\,M,X,F,.,c,s,v
n,y,s,e,_,1,5,y,r,_,d,a,t,a,\,G,N,T,.,c,s,v
n,y,s,e,_,1,5,y,r,_,d,a,t,a,\,M,Y,J,.,c,s,v
n,y,s,e,_,1,5,y,r,_,d,a,t,a,\,N,Z,F,.,c,s,v
n,y,s,e,_,1,5,y,r,_,d,a,t,a,\,U,N,F,I,.,c,s,v
n,y,s,e,_,1,5,y,r,_,d,a,t,a,\,N,R,P,.,c,s,v
n,y,s,e,_,1,5,y,r,_,d,a,t,a,\,A,S,C,.,c,s,v
n,y,s,e,_,1,5,y,r,_,d,a,t,a,\,Q,U,A,D,.,c,s,v
n,y,s,e,_,1,5,y,r,_,d,a,t,a,\,K,F,Y,.,c,s,v
n,y,s,e,_,1,5,y,r,_,d,a,t,a,\,C,E,E,.,c,s,v
n,y,s,e,_,1,5,y,r,_,d,a,t,a,\,O,R,A,.,c,s,v
n,y,s,e,_,1,5,y,r,_,d,a,t,a,\,V,R,T,V,.,c,s,v
n,y,s,e,_,1,5,y,r,_,d,a,t,a,\,B,C,S,.,c,s,v
n,y,s,e,_,1,5,y,r,_,d,a,t,a,\,M,H,D,.,c,s,v
n,y,s,e,_,1,5,y,r,_,d,a,t,a,\,A,R,C,H,.,c,s,v
n,y,s,e,_,1,5,y,r,_,d,a,t,a,\,S,I,D,.,c,s,v
n,y,s,e,_,1,5,y,r,_,d,a,t,a,\,A,R,O,C,.,c,s,v
n,y,s,e,_,1,5,y,r,_,d,a,t,a,\,M,D,U,.,c,s,v
n,y,s,e,_,1,5,y,r,_,d,a,t,a,\,N,V,O,.,c,s,v
n,y,s,e,_,1,5,y,r,_,d,a,t,a,\,A,D,N,T,.,c,s,v
n,y,s,e,_,1,5,y,r,_,d,a,t,a,\,B,X,C,.,c,s,v
n,y,s,e,_,1,5,y,r,_,d,a,t,a,\,D,K,S,.,c,s,v
n,y,s,e,_,1,5,y,r,_,d,a,t,a,\,F,T,C,H,.,c,s,v
n,y,s,e,_,1,5,y,r,_,d,a,t,a,\,A,B,G,.,c,s,v
n,y,s,e,_,1,5,y,r,_,d,a,t,a,\,B,K,U,.,c,s,v
n,y,s,e,_,1,5,y,r,_,d,a,t,a,\,C,E,Q,P,.,c,s,v
n,y,s,e,_,1,5,y,r,_,d,a,t,a,\,C,C,M,.,c,s,v
n,y,s,e,_,1,5,y,r,_,d,a,t,a,\,G,I,L,.,c,s,v
n,y,s,e,_,1,5,y,r,_,d,a,t,a,\,I,D,E,.,c,s,v
n,y,s,e,_,1,5,y,r,_,d,a,t,a,\,E,L,C,.,c,s,v
n,y,s,e,_,1,5,y,r,_,d,a,t,a,\,D,E,O,.,c,s,v
n,y,s,e,_,1,5,y,r,_,d,a,t,a,\,A,S,B,.,c,s,v
n,y,s,e,_,1,5,y,r,_,d,a,t,a,\,E,A,F,.,c,s,v
n,y,s,e,_,1,5,y,r,_,d,a,t,a,\,N,O,W,.,c,s,v
n,y,s,e,_,1,5,y,r,_,d,a,t,a,\,R,C,I,.,c,s,v
n,y,s,e,_,1,5,y,r,_,d,a,t,a,\,M,C,Y,.,c,s,v
n,y,s,e,_,1,5,y,r,_,d,a,t,a,\,F,U,L,.,c,s,v
n,y,s,e,_,1,5,y,r,_,d,a,t,a,\,Z,T,O,.,c,s,v
n,y,s,e,_,1,5,y,r,_,d,a,t,a,\,C,F,R,.,c,s,v
n,y,s,e,_,1,5,y,r,_,d,a,t,a,\,B,G,S,.,c,s,v
n,y,s,e,_,1,5,y,r,_,d,a,t,a,\,B,B,D,C,.,c,s,v
n,y,s,e,_,1,5,y,r,_,d,a,t,a,\,S,R,T,.,c,s,v
n,y,s,e,_,1,5,y,r,_,d,a,t,a,\,B,Z,H,.,c,s,v
n,y,s,e,_,1,5,y,r,_,d,a,t,a,\,A,G,R,.,c,s,v
n,y,s,e,_,1,5,y,r,_,d,a,t,a,\,H,F,C,.,c,s,v
n,y,s,e,_,1,5,y,r,_,d,a,t,a,\,E,T,N,.,c,s,v
n,y,s,e,_,1,5,y,r,_,d,a,t,a,\,C,V,X,.,c,s,v
n,y,s,e,_,1,5,y,r,_,d,a,t,a,\,P,P,T,.,c,s,v
n,y,s,e,_,1,5,y,r,_,d,a,t,a,\,I,G,A,.,c,s,v
n,y,s,e,_,1,5,y,r,_,d,a,t,a,\,W,B,S,.,c,s,v
n,y,s,e,_,1,5,y,r,_,d,a,t,a,\,N,P,O,.,c,s,v
n,y,s,e,_,1,5,y,r,_,d,a,t,a,\,A,X,P,.,c,s,v
n,y,s,e,_,1,5,y,r,_,d,a,t,a,\,S,N,D,A,.,c,s,v
n,y,s,e,_,1,5,y,r,_,d,a,t,a,\,S,A,I,L,.,c,s,v
n,y,s,e,_,1,5,y,r,_,d,a,t,a,\,E,C,L,.,c,s,v
n,y,s,e,_,1,5,y,r,_,d,a,t,a,\,I,G,R,.,c,s,v
n,y,s,e,_,1,5,y,r,_,d,a,t,a,\,E,X,G,.,c,s,v
n,y,s,e,_,1,5,y,r,_,d,a,t,a,\,V,P,V,.,c,s,v
n,y,s,e,_,1,5,y,r,_,d,a,t,a,\,I,N,S,P,.,c,s,v
n,y,s,e,_,1,5,y,r,_,d,a,t,a,\,J,W,N,.,c,s,v
n,y,s,e,_,1,5,y,r,_,d,a,t,a,\,C,N,H,I,.,c,s,v
n,y,s,e,_,1,5,y,r,_,d,a,t,a,\,P,N,W,.,c,s,v
n,y,s,e,_,1,5,y,r,_,d,a,t,a,\,C,P,K,.,c,s,v
n,y,s,e,_,1,5,y,r,_,d,a,t,a,\,D,R,Q,.,c,s,v
n,y,s,e,_,1,5,y,r,_,d,a,t,a,\,Y,U,M,.,c,s,v
n,y,s,e,_,1,5,y,r,_,d,a,t,a,\,V,.,c,s,v
n,y,s,e,_,1,5,y,r,_,d,a,t,a,\,K,B,R,.,c,s,v
n,y,s,e,_,1,5,y,r,_,d,a,t,a,\,C,R,K,.,c,s,v
n,y,s,e,_,1,5,y,r,_,d,a,t,a,\,K,M,X,.,c,s,v
n,y,s,e,_,1,5,y,r,_,d,a,t,a,\,G,G,G,.,c,s,v
n,y,s,e,_,1,5,y,r,_,d,a,t,a,\,F,R,A,.,c,s,v
n,y,s,e,_,1,5,y,r,_,d,a,t,a,\,R,Z,B,.,c,s,v
n,y,s,e,_,1,5,y,r,_,d,a,t,a,\,T,P,L,.,c,s,v
n,y,s,e,_,1,5,y,r,_,d,a,t,a,\,C,N,R,.,c,s,v
n,y,s,e,_,1,5,y,r,_,d,a,t,a,\,D,E,I,.,c,s,v
n,y,s,e,_,1,5,y,r,_,d,a,t,a,\,R,F,I,.,c,s,v
n,y,s,e,_,1,5,y,r,_,d,a,t,a,\,H,G,H,.,c,s,v
n,y,s,e,_,1,5,y,r,_,d,a,t,a,\,C,N,P,.,c,s,v
n,y,s,e,_,1,5,y,r,_,d,a,t,a,\,C,A,A,P,.,c,s,v
n,y,s,e,_,1,5,y,r,_,d,a,t,a,\,A,F,I,.,c,s,v
n,y,s,e,_,1,5,y,r,_,d,a,t,a,\,C,W,T,.,c,s,v
n,y,s,e,_,1,5,y,r,_,d,a,t,a,\,T,G,T,.,c,s,v
n,y,s,e,_,1,5,y,r,_,d,a,t,a,\,V,T,N,.,c,s,v
n,y,s,e,_,1,5,y,r,_,d,a,t,a,\,P,I,P,R,.,c,s,v
n,y,s,e,_,1,5,y,r,_,d,a,t,a,\,M,D,C,.,c,s,v
n,y,s,e,_,1,5,y,r,_,d,a,t,a,\,U,N,F,.,c,s,v
n,y,s,e,_,1,5,y,r,_,d,a,t,a,\,S,H,A,K,.,c,s,v
n,y,s,e,_,1,5,y,r,_,d,a,t,a,\,T,G,.,c,s,v
n,y,s,e,_,1,5,y,r,_,d,a,t,a,\,N,S,C,.,c,s,v
n,y,s,e,_,1,5,y,r,_,d,a,t,a,\,D,A,R,.,c,s,v
n,y,s,e,_,1,5,y,r,_,d,a,t,a,\,T,F,I,I,.,c,s,v
n,y,s,e,_,1,5,y,r,_,d,a,t,a,\,W,K,.,c,s,v
n,y,s,e,_,1,5,y,r,_,d,a,t,a,\,M,I,T,T,.,c,s,v
n,y,s,e,_,1,5,y,r,_,d,a,t,a,\,C,T,O,.,c,s,v
n,y,s,e,_,1,5,y,r,_,d,a,t,a,\,N,J,R,.,c,s,v
n,y,s,e,_,1,5,y,r,_,d,a,t,a,\,M,M,S,.,c,s,v
n,y,s,e,_,1,5,y,r,_,d,a,t,a,\,S,W,M,.,c,s,v
n,y,s,e,_,1,5,y,r,_,d,a,t,a,\,B,.,c,s,v
n,y,s,e,_,1,5,y,r,_,d,a,t,a,\,F,O,R,.,c,s,v
n,y,s,e,_,1,5,y,r,_,d,a,t,a,\,M,V,O,.,c,s,v
n,y,s,e,_,1,5,y,r,_,d,a,t,a,\,G,T,L,S,.,c,s,v
n,y,s,e,_,1,5,y,r,_,d,a,t,a,\,B,F,S,.,c,s,v
n,y,s,e,_,1,5,y,r,_,d,a,t,a,\,N,R,K,.,c,s,v
n,y,s,e,_,1,5,y,r,_,d,a,t,a,\,N,X,R,T,.,c,s,v
n,y,s,e,_,1,5,y,r,_,d,a,t,a,\,P,G,Z,.,c,s,v
n,y,s,e,_,1,5,y,r,_,d,a,t,a,\,R,R,C,.,c,s,v
n,y,s,e,_,1,5,y,r,_,d,a,t,a,\,A,D,T,.,c,s,v
n,y,s,e,_,1,5,y,r,_,d,a,t,a,\,M,T,X,.,c,s,v
n,y,s,e,_,1,5,y,r,_,d,a,t,a,\,A,C,C,.,c,s,v
n,y,s,e,_,1,5,y,r,_,d,a,t,a,\,C,U,B,I,.,c,s,v
n,y,s,e,_,1,5,y,r,_,d,a,t,a,\,A,W,I,.,c,s,v
n,y,s,e,_,1,5,y,r,_,d,a,t,a,\,I,R,S,.,c,s,v
n,y,s,e,_,1,5,y,r,_,d,a,t,a,\,C,T,S,.,c,s,v
n,y,s,e,_,1,5,y,r,_,d,a,t,a,\,P,C,Q,.,c,s,v
n,y,s,e,_,1,5,y,r,_,d,a,t,a,\,G,U,T,.,c,s,v
n,y,s,e,_,1,5,y,r,_,d,a,t,a,\,E,R,J,.,c,s,v
n,y,s,e,_,1,5,y,r,_,d,a,t,a,\,S,K,M,.,c,s,v
n,y,s,e,_,1,5,y,r,_,d,a,t,a,\,C,P,A,C,.,c,s,v
n,y,s,e,_,1,5,y,r,_,d,a,t,a,\,S,P,C,E,.,c,s,v
n,y,s,e,_,1,5,y,r,_,d,a,t,a,\,S,B,I,.,c,s,v
n,y,s,e,_,1,5,y,r,_,d,a,t,a,\,A,C,M,.,c,s,v
n,y,s,e,_,1,5,y,r,_,d,a,t,a,\,N,U,W,.,c,s,v
n,y,s,e,_,1,5,y,r,_,d,a,t,a,\,T,S,I,.,c,s,v
n,y,s,e,_,1,5,y,r,_,d,a,t,a,\,B,L,D,.,c,s,v
n,y,s,e,_,1,5,y,r,_,d,a,t,a,\,A,B,.,c,s,v
n,y,s,e,_,1,5,y,r,_,d,a,t,a,\,C,R,S,.,c,s,v
n,y,s,e,_,1,5,y,r,_,d,a,t,a,\,A,L,X,.,c,s,v
n,y,s,e,_,1,5,y,r,_,d,a,t,a,\,S,K,Y,.,c,s,v
n,y,s,e,_,1,5,y,r,_,d,a,t,a,\,S,B,O,W,.,c,s,v
n,y,s,e,_,1,5,y,r,_,d,a,t,a,\,P,C,K,.,c,s,v
n,y,s,e,_,1,5,y,r,_,d,a,t,a,\,O,P,P,.,c,s,v
n,y,s,e,_,1,5,y,r,_,d,a,t,a,\,P,A,Y,C,.,c,s,v
n,y,s,e,_,1,5,y,r,_,d,a,t,a,\,W,I,A,.,c,s,v
n,y,s,e,_,1,5,y,r,_,d,a,t,a,\,C,O,.,c,s,v
n,y,s,e,_,1,5,y,r,_,d,a,t,a,\,N,E,P,.,c,s,v
n,y,s,e,_,1,5,y,r,_,d,a,t,a,\,E,O,G,.,c,s,v
n,y,s,e,_,1,5,y,r,_,d,a,t,a,\,M,F,L,.,c,s,v
n,y,s,e,_,1,5,y,r,_,d,a,t,a,\,S,C,L,.,c,s,v
n,y,s,e,_,1,5,y,r,_,d,a,t,a,\,M,T,R,N,.,c,s,v
n,y,s,e,_,1,5,y,r,_,d,a,t,a,\,E,L,S,.,c,s,v
n,y,s,e,_,1,5,y,r,_,d,a,t,a,\,C,O,D,I,.,c,s,v
n,y,s,e,_,1,5,y,r,_,d,a,t,a,\,R,G,T,.,c,s,v
n,y,s,e,_,1,5,y,r,_,d,a,t,a,\,M,C,K,.,c,s,v
n,y,s,e,_,1,5,y,r,_,d,a,t,a,\,I,N,V,H,.,c,s,v
n,y,s,e,_,1,5,y,r,_,d,a,t,a,\,N,E,E,.,c,s,v
n,y,s,e,_,1,5,y,r,_,d,a,t,a,\,K,I,O,.,c,s,v
n,y,s,e,_,1,5,y,r,_,d,a,t,a,\,S,L,F,.,c,s,v
n,y,s,e,_,1,5,y,r,_,d,a,t,a,\,B,T,T,.,c,s,v
n,y,s,e,_,1,5,y,r,_,d,a,t,a,\,D,E,.,c,s,v
n,y,s,e,_,1,5,y,r,_,d,a,t,a,\,K,W,R,.,c,s,v
n,y,s,e,_,1,5,y,r,_,d,a,t,a,\,B,R,C,.,c,s,v
n,y,s,e,_,1,5,y,r,_,d,a,t,a,\,A,X,L,.,c,s,v
n,y,s,e,_,1,5,y,r,_,d,a,t,a,\,F,S,D,.,c,s,v
n,y,s,e,_,1,5,y,r,_,d,a,t,a,\,W,M,.,c,s,v
n,y,s,e,_,1,5,y,r,_,d,a,t,a,\,N,H,I,.,c,s,v
n,y,s,e,_,1,5,y,r,_,d,a,t,a,\,U,S,A,C,.,c,s,v
n,y,s,e,_,1,5,y,r,_,d,a,t,a,\,B,P,T,.,c,s,v
n,y,s,e,_,1,5,y,r,_,d,a,t,a,\,D,K,L,.,c,s,v
n,y,s,e,_,1,5,y,r,_,d,a,t,a,\,E,A,T,.,c,s,v
n,y,s,e,_,1,5,y,r,_,d,a,t,a,\,S,F,L,.,c,s,v
n,y,s,e,_,1,5,y,r,_,d,a,t,a,\,J,P,C,.,c,s,v
n,y,s,e,_,1,5,y,r,_,d,a,t,a,\,U,N,H,.,c,s,v
n,y,s,e,_,1,5,y,r,_,d,a,t,a,\,P,A,G,.,c,s,v
n,y,s,e,_,1,5,y,r,_,d,a,t,a,\,C,S,V,.,c,s,v
n,y,s,e,_,1,5,y,r,_,d,a,t,a,\,C,P,.,c,s,v
n,y,s,e,_,1,5,y,r,_,d,a,t,a,\,I,H,T,A,.,c,s,v
n,y,s,e,_,1,5,y,r,_,d,a,t,a,\,R,I,O,.,c,s,v
n,y,s,e,_,1,5,y,r,_,d,a,t,a,\,G,E,O,.,c,s,v
n,y,s,e,_,1,5,y,r,_,d,a,t,a,\,G,I,M,.,c,s,v
n,y,s,e,_,1,5,y,r,_,d,a,t,a,\,A,B,C,.,c,s,v
n,y,s,e,_,1,5,y,r,_,d,a,t,a,\,A,D,C,.,c,s,v
n,y,s,e,_,1,5,y,r,_,d,a,t,a,\,M,T,D,.,c,s,v
n,y,s,e,_,1,5,y,r,_,d,a,t,a,\,K,W,.,c,s,v
n,y,s,e,_,1,5,y,r,_,d,a,t,a,\,V,S,T,O,.,c,s,v
n,y,s,e,_,1,5,y,r,_,d,a,t,a,\,H,S,C,.,c,s,v
n,y,s,e,_,1,5,y,r,_,d,a,t,a,\,C,E,.,c,s,v
n,y,s,e,_,1,5,y,r,_,d,a,t,a,\,D,M,B,.,c,s,v
n,y,s,e,_,1,5,y,r,_,d,a,t,a,\,T,G,N,A,.,c,s,v
n,y,s,e,_,1,5,y,r,_,d,a,t,a,\,N,N,I,.,c,s,v
n,y,s,e,_,1,5,y,r,_,d,a,t,a,\,A,M,P,.,c,s,v
n,y,s,e,_,1,5,y,r,_,d,a,t,a,\,S,P,O,T,.,c,s,v
n,y,s,e,_,1,5,y,r,_,d,a,t,a,\,G,B,L,.,c,s,v
n,y,s,e,_,1,5,y,r,_,d,a,t,a,\,A,T,C,O,.,c,s,v
n,y,s,e,_,1,5,y,r,_,d,a,t,a,\,E,X,T,N,.,c,s,v
n,y,s,e,_,1,5,y,r,_,d,a,t,a,\,G,D,L,.,c,s,v
n,y,s,e,_,1,5,y,r,_,d,a,t,a,\,S,I,I,.,c,s,v
n,y,s,e,_,1,5,y,r,_,d,a,t,a,\,C,N,I,.,c,s,v
n,y,s,e,_,1,5,y,r,_,d,a,t,a,\,O,V,V,.,c,s,v
n,y,s,e,_,1,5,y,r,_,d,a,t,a,\,E,P,A,C,.,c,s,v
n,y,s,e,_,1,5,y,r,_,d,a,t,a,\,W,H,G,.,c,s,v
n,y,s,e,_,1,5,y,r,_,d,a,t,a,\,M,O,D,N,.,c,s,v
n,y,s,e,_,1,5,y,r,_,d,a,t,a,\,A,A,P,.,c,s,v
n,y,s,e,_,1,5,y,r,_,d,a,t,a,\,V,L,R,S,.,c,s,v
n,y,s,e,_,1,5,y,r,_,d,a,t,a,\,T,I,M,B,.,c,s,v
n,y,s,e,_,1,5,y,r,_,d,a,t,a,\,E,X,R,.,c,s,v
n,y,s,e,_,1,5,y,r,_,d,a,t,a,\,M,C,B,.,c,s,v
n,y,s,e,_,1,5,y,r,_,d,a,t,a,\,T,F,X,.,c,s,v
n,y,s,e,_,1,5,y,r,_,d,a,t,a,\,G,I,S,.,c,s,v
n,y,s,e,_,1,5,y,r,_,d,a,t,a,\,S,C,H,W,.,c,s,v
n,y,s,e,_,1,5,y,r,_,d,a,t,a,\,H,C,A,.,c,s,v
n,y,s,e,_,1,5,y,r,_,d,a,t,a,\,I,T,T,.,c,s,v
n,y,s,e,_,1,5,y,r,_,d,a,t,a,\,F,M,S,.,c,s,v
n,y,s,e,_,1,5,y,r,_,d,a,t,a,\,B,A,N,C,.,c,s,v
n,y,s,e,_,1,5,y,r,_,d,a,t,a,\,C,A,L,.,c,s,v
n,y,s,e,_,1,5,y,r,_,d,a,t,a,\,P,R,T,Y,.,c,s,v
n,y,s,e,_,1,5,y,r,_,d,a,t,a,\,F,O,E,.,c,s,v
n,y,s,e,_,1,5,y,r,_,d,a,t,a,\,A,C,R,E,.,c,s,v
n,y,s,e,_,1,5,y,r,_,d,a,t,a,\,A,O,D,.,c,s,v
n,y,s,e,_,1,5,y,r,_,d,a,t,a,\,E,D,F,.,c,s,v
n,y,s,e,_,1,5,y,r,_,d,a,t,a,\,L,E,N,.,c,s,v
n,y,s,e,_,1,5,y,r,_,d,a,t,a,\,B,H,R,.,c,s,v
n,y,s,e,_,1,5,y,r,_,d,a,t,a,\,C,V,E,.,c,s,v
n,y,s,e,_,1,5,y,r,_,d,a,t,a,\,D,A,V,A,.,c,s,v
n,y,s,e,_,1,5,y,r,_,d,a,t,a,\,O,M,C,.,c,s,v
n,y,s,e,_,1,5,y,r,_,d,a,t,a,\,L,G,I,.,c,s,v
n,y,s,e,_,1,5,y,r,_,d,a,t,a,\,N,T,P,.,c,s,v
n,y,s,e,_,1,5,y,r,_,d,a,t,a,\,J,P,.,c,s,v
n,y,s,e,_,1,5,y,r,_,d,a,t,a,\,E,X,P,.,c,s,v
n,y,s,e,_,1,5,y,r,_,d,a,t,a,\,K,O,F,.,c,s,v
n,y,s,e,_,1,5,y,r,_,d,a,t,a,\,M,M,C,.,c,s,v
n,y,s,e,_,1,5,y,r,_,d,a,t,a,\,P,K,.,c,s,v
n,y,s,e,_,1,5,y,r,_,d,a,t,a,\,J,W,-,B,.,c,s,v
n,y,s,e,_,1,5,y,r,_,d,a,t,a,\,K,S,M,.,c,s,v
n,y,s,e,_,1,5,y,r,_,d,a,t,a,\,G,J,H,.,c,s,v
n,y,s,e,_,1,5,y,r,_,d,a,t,a,\,A,E,L,.,c,s,v
n,y,s,e,_,1,5,y,r,_,d,a,t,a,\,S,W,I,.,c,s,v
n,y,s,e,_,1,5,y,r,_,d,a,t,a,\,D,R,H,.,c,s,v
n,y,s,e,_,1,5,y,r,_,d,a,t,a,\,T,P,C,.,c,s,v
n,y,s,e,_,1,5,y,r,_,d,a,t,a,\,F,M,Y,.,c,s,v
n,y,s,e,_,1,5,y,r,_,d,a,t,a,\,B,X,M,X,.,c,s,v
n,y,s,e,_,1,5,y,r,_,d,a,t,a,\,T,A,C,.,c,s,v
n,y,s,e,_,1,5,y,r,_,d,a,t,a,\,A,K,O,-,A,.,c,s,v
n,y,s,e,_,1,5,y,r,_,d,a,t,a,\,G,H,Y,.,c,s,v
n,y,s,e,_,1,5,y,r,_,d,a,t,a,\,S,S,D,.,c,s,v
n,y,s,e,_,1,5,y,r,_,d,a,t,a,\,C,W,K,.,c,s,v
n,y,s,e,_,1,5,y,r,_,d,a,t,a,\,C,H,G,G,.,c,s,v
n,y,s,e,_,1,5,y,r,_,d,a,t,a,\,E,X,D,.,c,s,v
n,y,s,e,_,1,5,y,r,_,d,a,t,a,\,W,R,B,.,c,s,v
n,y,s,e,_,1,5,y,r,_,d,a,t,a,\,W,E,C,.,c,s,v
n,y,s,e,_,1,5,y,r,_,d,a,t,a,\,L,W,.,c,s,v
n,y,s,e,_,1,5,y,r,_,d,a,t,a,\,T,U,P,.,c,s,v
n,y,s,e,_,1,5,y,r,_,d,a,t,a,\,D,N,O,W,.,c,s,v
n,y,s,e,_,1,5,y,r,_,d,a,t,a,\,M,L,R,.,c,s,v
n,y,s,e,_,1,5,y,r,_,d,a,t,a,\,E,T,J,.,c,s,v
n,y,s,e,_,1,5,y,r,_,d,a,t,a,\,U,S,D,P,.,c,s,v
n,y,s,e,_,1,5,y,r,_,d,a,t,a,\,P,Y,S,.,c,s,v
n,y,s,e,_,1,5,y,r,_,d,a,t,a,\,G,L,O,B,.,c,s,v
n,y,s,e,_,1,5,y,r,_,d,a,t,a,\,H,T,A,.,c,s,v
n,y,s,e,_,1,5,y,r,_,d,a,t,a,\,H,O,V,.,c,s,v
n,y,s,e,_,1,5,y,r,_,d,a,t,a,\,T,R,Q,.,c,s,v
n,y,s,e,_,1,5,y,r,_,d,a,t,a,\,B,T,I,.,c,s,v
n,y,s,e,_,1,5,y,r,_,d,a,t,a,\,M,F,G,P,.,c,s,v
n,y,s,e,_,1,5,y,r,_,d,a,t,a,\,M,H,F,.,c,s,v
n,y,s,e,_,1,5,y,r,_,d,a,t,a,\,C,C,L,.,c,s,v
n,y,s,e,_,1,5,y,r,_,d,a,t,a,\,E,T,X, , , , , , , , , , , ,.,c,s,v
n,y,s,e,_,1,5,y,r,_,d,a,t,a,\,R,N,P,.,c,s,v
n,y,s,e,_,1,5,y,r,_,d,a,t,a,\,A,L,S,N,.,c,s,v
n,y,s,e,_,1,5,y,r,_,d,a,t,a,\,S,M,L,P,.,c,s,v
n,y,s,e,_,1,5,y,r,_,d,a,t,a,\,P,X,D,.,c,s,v
n,y,s,e,_,1,5,y,r,_,d,a,t,a,\,F,L,C,.,c,s,v
n,y,s,e,_,1,5,y,r,_,d,a,t,a,\,S,O,R,.,c,s,v
n,y,s,e,_,1,5,y,r,_,d,a,t,a,\,T,I,S,I,.,c,s,v
n,y,s,e,_,1,5,y,r,_,d,a,t,a,\,E,M,R,.,c,s,v
n,y,s,e,_,1,5,y,r,_,d,a,t,a,\,F,U,N,.,c,s,v
n,y,s,e,_,1,5,y,r,_,d,a,t,a,\,B,C,.,c,s,v
n,y,s,e,_,1,5,y,r,_,d,a,t,a,\,L,A,D,.,c,s,v
n,y,s,e,_,1,5,y,r,_,d,a,t,a,\,B,S,M,.,c,s,v
n,y,s,e,_,1,5,y,r,_,d,a,t,a,\,S,W,N,.,c,s,v
n,y,s,e,_,1,5,y,r,_,d,a,t,a,\,C,W,E,N,.,c,s,v
n,y,s,e,_,1,5,y,r,_,d,a,t,a,\,M,T,W,.,c,s,v
n,y,s,e,_,1,5,y,r,_,d,a,t,a,\,S,F,B,S,.,c,s,v
n,y,s,e,_,1,5,y,r,_,d,a,t,a,\,I,D,A,.,c,s,v
n,y,s,e,_,1,5,y,r,_,d,a,t,a,\,C,L,R,.,c,s,v
n,y,s,e,_,1,5,y,r,_,d,a,t,a,\,F,R,O,.,c,s,v
n,y,s,e,_,1,5,y,r,_,d,a,t,a,\,V,N,E,.,c,s,v
n,y,s,e,_,1,5,y,r,_,d,a,t,a,\,S,P,G,I,.,c,s,v
n,y,s,e,_,1,5,y,r,_,d,a,t,a,\,U,B,S,.,c,s,v
n,y,s,e,_,1,5,y,r,_,d,a,t,a,\,C,S,L,T,.,c,s,v
n,y,s,e,_,1,5,y,r,_,d,a,t,a,\,S,C,I,.,c,s,v
n,y,s,e,_,1,5,y,r,_,d,a,t,a,\,H,W,M,.,c,s,v
n,y,s,e,_,1,5,y,r,_,d,a,t,a,\,H,R,B,.,c,s,v
n,y,s,e,_,1,5,y,r,_,d,a,t,a,\,H,I,W,.,c,s,v
n,y,s,e,_,1,5,y,r,_,d,a,t,a,\,W,Y,.,c,s,v
n,y,s,e,_,1,5,y,r,_,d,a,t,a,\,D,E,S,P,.,c,s,v
n,y,s,e,_,1,5,y,r,_,d,a,t,a,\,C,E,N,.,c,s,v
n,y,s,e,_,1,5,y,r,_,d,a,t,a,\,C,L,F,.,c,s,v
n,y,s,e,_,1,5,y,r,_,d,a,t,a,\,C,B,.,c,s,v
n,y,s,e,_,1,5,y,r,_,d,a,t,a,\,Z,B,H,.,c,s,v
n,y,s,e,_,1,5,y,r,_,d,a,t,a,\,V,V,N,T,.,c,s,v
n,y,s,e,_,1,5,y,r,_,d,a,t,a,\,R,E,N,N,.,c,s,v
n,y,s,e,_,1,5,y,r,_,d,a,t,a,\,P,M,X,.,c,s,v
n,y,s,e,_,1,5,y,r,_,d,a,t,a,\,H,Y,B,.,c,s,v
n,y,s,e,_,1,5,y,r,_,d,a,t,a,\,T,S,Q,.,c,s,v
n,y,s,e,_,1,5,y,r,_,d,a,t,a,\,S,E,.,c,s,v
n,y,s,e,_,1,5,y,r,_,d,a,t,a,\,P,Z,N,.,c,s,v
n,y,s,e,_,1,5,y,r,_,d,a,t,a,\,M,U,E,.,c,s,v
n,y,s,e,_,1,5,y,r,_,d,a,t,a,\,S,F,U,N,.,c,s,v
n,y,s,e,_,1,5,y,r,_,d,a,t,a,\,A,V,B,.,c,s,v
n,y,s,e,_,1,5,y,r,_,d,a,t,a,\,B,B,.,c,s,v
n,y,s,e,_,1,5,y,r,_,d,a,t,a,\,M,A,S,.,c,s,v
n,y,s,e,_,1,5,y,r,_,d,a,t,a,\,D,X,C,.,c,s,v
n,y,s,e,_,1,5,y,r,_,d,a,t,a,\,C,R,H,.,c,s,v
n,y,s,e,_,1,5,y,r,_,d,a,t,a,\,K,A,R,.,c,s,v
n,y,s,e,_,1,5,y,r,_,d,a,t,a,\,S,T,W,D,.,c,s,v
n,y,s,e,_,1,5,y,r,_,d,a,t,a,\,C,W,H,.,c,s,v
n,y,s,e,_,1,5,y,r,_,d,a,t,a,\,U,S,P,H,.,c,s,v
n,y,s,e,_,1,5,y,r,_,d,a,t,a,\,M,G,.,c,s,v
n,y,s,e,_,1,5,y,r,_,d,a,t,a,\,R,M,D,.,c,s,v
n,y,s,e,_,1,5,y,r,_,d,a,t,a,\,G,T,E,S,.,c,s,v
n,y,s,e,_,1,5,y,r,_,d,a,t,a,\,P,T,Y,.,c,s,v
n,y,s,e,_,1,5,y,r,_,d,a,t,a,\,N,O,K,.,c,s,v
n,y,s,e,_,1,5,y,r,_,d,a,t,a,\,K,B,.,c,s,v
n,y,s,e,_,1,5,y,r,_,d,a,t,a,\,M,T,H,.,c,s,v
n,y,s,e,_,1,5,y,r,_,d,a,t,a,\,U,P,S,.,c,s,v
n,y,s,e,_,1,5,y,r,_,d,a,t,a,\,G,A,B,.,c,s,v
n,y,s,e,_,1,5,y,r,_,d,a,t,a,\,C,A,F,.,c,s,v
n,y,s,e,_,1,5,y,r,_,d,a,t,a,\,J,O,E,.,c,s,v
n,y,s,e,_,1,5,y,r,_,d,a,t,a,\,D,B,L,.,c,s,v
n,y,s,e,_,1,5,y,r,_,d,a,t,a,\,T,R,G,P,.,c,s,v
n,y,s,e,_,1,5,y,r,_,d,a,t,a,\,U,N,M,.,c,s,v
n,y,s,e,_,1,5,y,r,_,d,a,t,a,\,A,T,O,.,c,s,v
n,y,s,e,_,1,5,y,r,_,d,a,t,a,\,W,L,L,.,c,s,v
n,y,s,e,_,1,5,y,r,_,d,a,t,a,\,C,V,I,.,c,s,v
n,y,s,e,_,1,5,y,r,_,d,a,t,a,\,R,N,G,R,.,c,s,v
n,y,s,e,_,1,5,y,r,_,d,a,t,a,\,G,N,R,C,.,c,s,v
n,y,s,e,_,1,5,y,r,_,d,a,t,a,\,K,T,N,.,c,s,v
n,y,s,e,_,1,5,y,r,_,d,a,t,a,\,B,G,.,c,s,v
n,y,s,e,_,1,5,y,r,_,d,a,t,a,\,I,G,D,.,c,s,v
n,y,s,e,_,1,5,y,r,_,d,a,t,a,\,W,S,O,.,c,s,v
n,y,s,e,_,1,5,y,r,_,d,a,t,a,\,N,O,C,.,c,s,v
n,y,s,e,_,1,5,y,r,_,d,a,t,a,\,R,L,J,.,c,s,v
n,y,s,e,_,1,5,y,r,_,d,a,t,a,\,P,V,H,.,c,s,v
n,y,s,e,_,1,5,y,r,_,d,a,t,a,\,P,F,G,C,.,c,s,v
n,y,s,e,_,1,5,y,r,_,d,a,t,a,\,T,E,V,A,.,c,s,v
n,y,s,e,_,1,5,y,r,_,d,a,t,a,\,E,T,R,N,.,c,s,v
n,y,s,e,_,1,5,y,r,_,d,a,t,a,\,W,P,M,.,c,s,v
n,y,s,e,_,1,5,y,r,_,d,a,t,a,\,P,S,A,.,c,s,v
n,y,s,e,_,1,5,y,r,_,d,a,t,a,\,J,E,L,D,.,c,s,v
n,y,s,e,_,1,5,y,r,_,d,a,t,a,\,T,R,C,.,c,s,v
n,y,s,e,_,1,5,y,r,_,d,a,t,a,\,S,O,N,Y,.,c,s,v
n,y,s,e,_,1,5,y,r,_,d,a,t,a,\,A,C,V,.,c,s,v
n,y,s,e,_,1,5,y,r,_,d,a,t,a,\,N,T,B,.,c,s,v
n,y,s,e,_,1,5,y,r,_,d,a,t,a,\,M,P,L,X,.,c,s,v
n,y,s,e,_,1,5,y,r,_,d,a,t,a,\,B,K,.,c,s,v
n,y,s,e,_,1,5,y,r,_,d,a,t,a,\,A,E,S,.,c,s,v
n,y,s,e,_,1,5,y,r,_,d,a,t,a,\,E,N,R,.,c,s,v
n,y,s,e,_,1,5,y,r,_,d,a,t,a,\,P,H,G,.,c,s,v
n,y,s,e,_,1,5,y,r,_,d,a,t,a,\,W,O,W,.,c,s,v
n,y,s,e,_,1,5,y,r,_,d,a,t,a,\,A,B,B,.,c,s,v
n,y,s,e,_,1,5,y,r,_,d,a,t,a,\,B,G,T,.,c,s,v
n,y,s,e,_,1,5,y,r,_,d,a,t,a,\,S,P,X,X,.,c,s,v
n,y,s,e,_,1,5,y,r,_,d,a,t,a,\,I,I,M,.,c,s,v
n,y,s,e,_,1,5,y,r,_,d,a,t,a,\,J,N,P,R,.,c,s,v
n,y,s,e,_,1,5,y,r,_,d,a,t,a,\,T,P,B,.,c,s,v
n,y,s,e,_,1,5,y,r,_,d,a,t,a,\,C,P,T,.,c,s,v
n,y,s,e,_,1,5,y,r,_,d,a,t,a,\,S,R,.,c,s,v
n,y,s,e,_,1,5,y,r,_,d,a,t,a,\,T,N,C,.,c,s,v
n,y,s,e,_,1,5,y,r,_,d,a,t,a,\,C,P,S,.,c,s,v
n,y,s,e,_,1,5,y,r,_,d,a,t,a,\,A,T,H,M,.,c,s,v
n,y,s,e,_,1,5,y,r,_,d,a,t,a,\,G,H,C,.,c,s,v
n,y,s,e,_,1,5,y,r,_,d,a,t,a,\,T,H,R,.,c,s,v
n,y,s,e,_,1,5,y,r,_,d,a,t,a,\,B,A,C,.,c,s,v
n,y,s,e,_,1,5,y,r,_,d,a,t,a,\,J,C,O,.,c,s,v
n,y,s,e,_,1,5,y,r,_,d,a,t,a,\,A,B,E,V,.,c,s,v
n,y,s,e,_,1,5,y,r,_,d,a,t,a,\,M,Y,C,.,c,s,v
n,y,s,e,_,1,5,y,r,_,d,a,t,a,\,G,O,O,S,.,c,s,v
n,y,s,e,_,1,5,y,r,_,d,a,t,a,\,Z,T,R,.,c,s,v
n,y,s,e,_,1,5,y,r,_,d,a,t,a,\,G,O,L,.,c,s,v
n,y,s,e,_,1,5,y,r,_,d,a,t,a,\,R,Y,I,.,c,s,v
n,y,s,e,_,1,5,y,r,_,d,a,t,a,\,H,E,S,M,.,c,s,v
n,y,s,e,_,1,5,y,r,_,d,a,t,a,\,G,B,C,I,.,c,s,v
n,y,s,e,_,1,5,y,r,_,d,a,t,a,\,A,W,F,.,c,s,v
n,y,s,e,_,1,5,y,r,_,d,a,t,a,\,F,I,S,.,c,s,v
n,y,s,e,_,1,5,y,r,_,d,a,t,a,\,B,E,R,Y,.,c,s,v
n,y,s,e,_,1,5,y,r,_,d,a,t,a,\,F,S,K,.,c,s,v
n,y,s,e,_,1,5,y,r,_,d,a,t,a,\,M,X,E,.,c,s,v
n,y,s,e,_,1,5,y,r,_,d,a,t,a,\,C,I,F,.,c,s,v
n,y,s,e,_,1,5,y,r,_,d,a,t,a,\,S,A,H,.,c,s,v
n,y,s,e,_,1,5,y,r,_,d,a,t,a,\,J,H,I,.,c,s,v
n,y,s,e,_,1,5,y,r,_,d,a,t,a,\,K,F,S,.,c,s,v
n,y,s,e,_,1,5,y,r,_,d,a,t,a,\,D,D,F,.,c,s,v
n,y,s,e,_,1,5,y,r,_,d,a,t,a,\,L,I,I,.,c,s,v
n,y,s,e,_,1,5,y,r,_,d,a,t,a,\,W,I,T,.,c,s,v
n,y,s,e,_,1,5,y,r,_,d,a,t,a,\,P,B,I,.,c,s,v
n,y,s,e,_,1,5,y,r,_,d,a,t,a,\,T,R,.,c,s,v
n,y,s,e,_,1,5,y,r,_,d,a,t,a,\,W,A,T,.,c,s,v
n,y,s,e,_,1,5,y,r,_,d,a,t,a,\,H,P,Q,.,c,s,v
n,y,s,e,_,1,5,y,r,_,d,a,t,a,\,M,G,F,.,c,s,v
n,y,s,e,_,1,5,y,r,_,d,a,t,a,\,P,G,.,c,s,v
n,y,s,e,_,1,5,y,r,_,d,a,t,a,\,L,C,I,I,.,c,s,v
n,y,s,e,_,1,5,y,r,_,d,a,t,a,\,D,Q,.,c,s,v
n,y,s,e,_,1,5,y,r,_,d,a,t,a,\,N,R,Z,.,c,s,v
n,y,s,e,_,1,5,y,r,_,d,a,t,a,\,B,W,X,T,.,c,s,v
n,y,s,e,_,1,5,y,r,_,d,a,t,a,\,W,U,.,c,s,v
n,y,s,e,_,1,5,y,r,_,d,a,t,a,\,M,W,A,.,c,s,v
n,y,s,e,_,1,5,y,r,_,d,a,t,a,\,P,H,K,.,c,s,v
n,y,s,e,_,1,5,y,r,_,d,a,t,a,\,E,V,N,.,c,s,v
n,y,s,e,_,1,5,y,r,_,d,a,t,a,\,A,C,A,.,c,s,v
n,y,s,e,_,1,5,y,r,_,d,a,t,a,\,F,E,O,.,c,s,v
n,y,s,e,_,1,5,y,r,_,d,a,t,a,\,B,Y,D,.,c,s,v
n,y,s,e,_,1,5,y,r,_,d,a,t,a,\,T,C,S,.,c,s,v
n,y,s,e,_,1,5,y,r,_,d,a,t,a,\,E,N,Z,.,c,s,v
n,y,s,e,_,1,5,y,r,_,d,a,t,a,\,H,T,D,.,c,s,v
n,y,s,e,_,1,5,y,r,_,d,a,t,a,\,Z,Y,M,E,.,c,s,v
n,y,s,e,_,1,5,y,r,_,d,a,t,a,\,J,R,S,.,c,s,v
n,y,s,e,_,1,5,y,r,_,d,a,t,a,\,R,Q,I,.,c,s,v
n,y,s,e,_,1,5,y,r,_,d,a,t,a,\,E,.,c,s,v
n,y,s,e,_,1,5,y,r,_,d,a,t,a,\,V,O,Y,A,.,c,s,v
n,y,s,e,_,1,5,y,r,_,d,a,t,a,\,E,N,V,.,c,s,v
n,y,s,e,_,1,5,y,r,_,d,a,t,a,\,F,N,F,.,c,s,v
n,y,s,e,_,1,5,y,r,_,d,a,t,a,\,R,L,.,c,s,v
n,y,s,e,_,1,5,y,r,_,d,a,t,a,\,C,M,C,.,c,s,v
n,y,s,e,_,1,5,y,r,_,d,a,t,a,\,A,P,.,c,s,v
n,y,s,e,_,1,5,y,r,_,d,a,t,a,\,V,G,I,.,c,s,v
n,y,s,e,_,1,5,y,r,_,d,a,t,a,\,P,D,I,.,c,s,v
n,y,s,e,_,1,5,y,r,_,d,a,t,a,\,A,D,S,.,c,s,v
n,y,s,e,_,1,5,y,r,_,d,a,t,a,\,H,C,I,.,c,s,v
n,y,s,e,_,1,5,y,r,_,d,a,t,a,\,N,I,E,.,c,s,v
n,y,s,e,_,1,5,y,r,_,d,a,t,a,\,T,P,R,.,c,s,v
n,y,s,e,_,1,5,y,r,_,d,a,t,a,\,H,X,L,.,c,s,v
n,y,s,e,_,1,5,y,r,_,d,a,t,a,\,L,F,T,.,c,s,v
n,y,s,e,_,1,5,y,r,_,d,a,t,a,\,A,P,H,.,c,s,v
n,y,s,e,_,1,5,y,r,_,d,a,t,a,\,T,Y,L,.,c,s,v
n,y,s,e,_,1,5,y,r,_,d,a,t,a,\,Q,U,O,T,.,c,s,v
n,y,s,e,_,1,5,y,r,_,d,a,t,a,\,D,T,F,.,c,s,v
n,y,s,e,_,1,5,y,r,_,d,a,t,a,\,P,F,S,.,c,s,v
n,y,s,e,_,1,5,y,r,_,d,a,t,a,\,C,T,L,T,.,c,s,v
n,y,s,e,_,1,5,y,r,_,d,a,t,a,\,C,A,L,X,.,c,s,v
n,y,s,e,_,1,5,y,r,_,d,a,t,a,\,O,R,C,L,.,c,s,v
n,y,s,e,_,1,5,y,r,_,d,a,t,a,\,I,N,F,Y,.,c,s,v
n,y,s,e,_,1,5,y,r,_,d,a,t,a,\,B,V,N,.,c,s,v
n,y,s,e,_,1,5,y,r,_,d,a,t,a,\,J,B,L,.,c,s,v
n,y,s,e,_,1,5,y,r,_,d,a,t,a,\,N,C,V,.,c,s,v
n,y,s,e,_,1,5,y,r,_,d,a,t,a,\,O,F,G,.,c,s,v
n,y,s,e,_,1,5,y,r,_,d,a,t,a,\,Z,T,S,.,c,s,v
n,y,s,e,_,1,5,y,r,_,d,a,t,a,\,G,W,R,E,.,c,s,v
n,y,s,e,_,1,5,y,r,_,d,a,t,a,\,F,P,H,.,c,s,v
n,y,s,e,_,1,5,y,r,_,d,a,t,a,\,T,M,H,C,.,c,s,v
n,y,s,e,_,1,5,y,r,_,d,a,t,a,\,R,C,L,.,c,s,v
n,y,s,e,_,1,5,y,r,_,d,a,t,a,\,T,P,H,.,c,s,v
n,y,s,e,_,1,5,y,r,_,d,a,t,a,\,I,N,S,W,.,c,s,v
n,y,s,e,_,1,5,y,r,_,d,a,t,a,\,L,U,M,N,.,c,s,v
n,y,s,e,_,1,5,y,r,_,d,a,t,a,\,H,L,I,.,c,s,v
n,y,s,e,_,1,5,y,r,_,d,a,t,a,\,C,M,A,.,c,s,v
n,y,s,e,_,1,5,y,r,_,d,a,t,a,\,B,E,N,.,c,s,v
n,y,s,e,_,1,5,y,r,_,d,a,t,a,\,N,G,G,.,c,s,v
n,y,s,e,_,1,5,y,r,_,d,a,t,a,\,C,G,A,.,c,s,v
n,y,s,e,_,1,5,y,r,_,d,a,t,a,\,C,P,F,.,c,s,v
n,y,s,e,_,1,5,y,r,_,d,a,t,a,\,C,B,D,.,c,s,v
n,y,s,e,_,1,5,y,r,_,d,a,t,a,\,S,R,L,.,c,s,v
n,y,s,e,_,1,5,y,r,_,d,a,t,a,\,R,E,X,.,c,s,v
n,y,s,e,_,1,5,y,r,_,d,a,t,a,\,B,R,X,.,c,s,v
n,y,s,e,_,1,5,y,r,_,d,a,t,a,\,E,D,D,.,c,s,v
n,y,s,e,_,1,5,y,r,_,d,a,t,a,\,L,T,C,.,c,s,v
n,y,s,e,_,1,5,y,r,_,d,a,t,a,\,A,G,I,.,c,s,v
n,y,s,e,_,1,5,y,r,_,d,a,t,a,\,G,R,X,.,c,s,v
n,y,s,e,_,1,5,y,r,_,d,a,t,a,\,B,E,.,c,s,v
n,y,s,e,_,1,5,y,r,_,d,a,t,a,\,P,E,N,.,c,s,v
n,y,s,e,_,1,5,y,r,_,d,a,t,a,\,C,C,.,c,s,v
n,y,s,e,_,1,5,y,r,_,d,a,t,a,\,M,P,X,.,c,s,v
n,y,s,e,_,1,5,y,r,_,d,a,t,a,\,E,X,K,.,c,s,v
n,y,s,e,_,1,5,y,r,_,d,a,t,a,\,A,E,O,.,c,s,v
n,y,s,e,_,1,5,y,r,_,d,a,t,a,\,B,V,.,c,s,v
n,y,s,e,_,1,5,y,r,_,d,a,t,a,\,A,X,R,.,c,s,v
n,y,s,e,_,1,5,y,r,_,d,a,t,a,\,K,R,C,.,c,s,v
n,y,s,e,_,1,5,y,r,_,d,a,t,a,\,P,E,O,.,c,s,v
n,y,s,e,_,1,5,y,r,_,d,a,t,a,\,B,F,K,.,c,s,v
n,y,s,e,_,1,5,y,r,_,d,a,t,a,\,W,E,S,.,c,s,v
n,y,s,e,_,1,5,y,r,_,d,a,t,a,\,U,H,S,.,c,s,v
n,y,s,e,_,1,5,y,r,_,d,a,t,a,\,D,O,O,R,.,c,s,v
n,y,s,e,_,1,5,y,r,_,d,a,t,a,\,H,R,T,G,.,c,s,v
n,y,s,e,_,1,5,y,r,_,d,a,t,a,\,A,B,M,.,c,s,v
n,y,s,e,_,1,5,y,r,_,d,a,t,a,\,K,A,I,.,c,s,v
n,y,s,e,_,1,5,y,r,_,d,a,t,a,\,P,H,X,.,c,s,v
n,y,s,e,_,1,5,y,r,_,d,a,t,a,\,N,E,V,.,c,s,v
n,y,s,e,_,1,5,y,r,_,d,a,t,a,\,I,H,I,T,.,c,s,v
n,y,s,e,_,1,5,y,r,_,d,a,t,a,\,N,E,X,A,.,c,s,v
n,y,s,e,_,1,5,y,r,_,d,a,t,a,\,Q,D,.,c,s,v
n,y,s,e,_,1,5,y,r,_,d,a,t,a,\,N,V,S,.,c,s,v
n,y,s,e,_,1,5,y,r,_,d,a,t,a,\,R,L,G,Y,.,c,s,v
n,y,s,e,_,1,5,y,r,_,d,a,t,a,\,A,G,X,.,c,s,v
n,y,s,e,_,1,5,y,r,_,d,a,t,a,\,O,K,E,.,c,s,v
n,y,s,e,_,1,5,y,r,_,d,a,t,a,\,K,N,O,P,.,c,s,v
n,y,s,e,_,1,5,y,r,_,d,a,t,a,\,O,I,.,c,s,v
n,y,s,e,_,1,5,y,r,_,d,a,t,a,\,C,N,N,E,.,c,s,v
n,y,s,e,_,1,5,y,r,_,d,a,t,a,\,T,D,.,c,s,v
n,y,s,e,_,1,5,y,r,_,d,a,t,a,\,G,J,P,.,c,s,v
n,y,s,e,_,1,5,y,r,_,d,a,t,a,\,S,T,N,G,.,c,s,v
n,y,s,e,_,1,5,y,r,_,d,a,t,a,\,G,F,.,c,s,v
n,y,s,e,_,1,5,y,r,_,d,a,t,a,\,N,Y,C,B,.,c,s,v
n,y,s,e,_,1,5,y,r,_,d,a,t,a,\,B,D,X,.,c,s,v
n,y,s,e,_,1,5,y,r,_,d,a,t,a,\,D,C,P,.,c,s,v
n,y,s,e,_,1,5,y,r,_,d,a,t,a,\,F,L,.,c,s,v
n,y,s,e,_,1,5,y,r,_,d,a,t,a,\,B,I,O,.,c,s,v
n,y,s,e,_,1,5,y,r,_,d,a,t,a,\,S,C,U,.,c,s,v
n,y,s,e,_,1,5,y,r,_,d,a,t,a,\,I,A,G,.,c,s,v
n,y,s,e,_,1,5,y,r,_,d,a,t,a,\,K,L,R,.,c,s,v
n,y,s,e,_,1,5,y,r,_,d,a,t,a,\,H,I,I,.,c,s,v
n,y,s,e,_,1,5,y,r,_,d,a,t,a,\,R,A,M,P,.,c,s,v
n,y,s,e,_,1,5,y,r,_,d,a,t,a,\,N,C,R,.,c,s,v
n,y,s,e,_,1,5,y,r,_,d,a,t,a,\,M,U,S,A,.,c,s,v
n,y,s,e,_,1,5,y,r,_,d,a,t,a,\,J,L,S,.,c,s,v
n,y,s,e,_,1,5,y,r,_,d,a,t,a,\,H,P,I,.,c,s,v
n,y,s,e,_,1,5,y,r,_,d,a,t,a,\,T,R,U,.,c,s,v
n,y,s,e,_,1,5,y,r,_,d,a,t,a,\,W,H,D,.,c,s,v
n,y,s,e,_,1,5,y,r,_,d,a,t,a,\,T,A,L,.,c,s,v
n,y,s,e,_,1,5,y,r,_,d,a,t,a,\,T,W,I,.,c,s,v
n,y,s,e,_,1,5,y,r,_,d,a,t,a,\,G,L,P,.,c,s,v
n,y,s,e,_,1,5,y,r,_,d,a,t,a,\,P,M,F,.,c,s,v
n,y,s,e,_,1,5,y,r,_,d,a,t,a,\,D,A,C,.,c,s,v
n,y,s,e,_,1,5,y,r,_,d,a,t,a,\,I,I,F,.,c,s,v
n,y,s,e,_,1,5,y,r,_,d,a,t,a,\,W,E,A,.,c,s,v
n,y,s,e,_,1,5,y,r,_,d,a,t,a,\,A,D,X,.,c,s,v
n,y,s,e,_,1,5,y,r,_,d,a,t,a,\,H,C,X,Y,.,c,s,v
n,y,s,e,_,1,5,y,r,_,d,a,t,a,\,D,H,X,.,c,s,v
n,y,s,e,_,1,5,y,r,_,d,a,t,a,\,M,R,K,.,c,s,v
n,y,s,e,_,1,5,y,r,_,d,a,t,a,\,C,R,D,-,A,.,c,s,v
n,y,s,e,_,1,5,y,r,_,d,a,t,a,\,W,O,R,.,c,s,v
n,y,s,e,_,1,5,y,r,_,d,a,t,a,\,L,I,N,.,c,s,v
n,y,s,e,_,1,5,y,r,_,d,a,t,a,\,U,F,I,.,c,s,v
n,y,s,e,_,1,5,y,r,_,d,a,t,a,\,E,T,B,.,c,s,v
n,y,s,e,_,1,5,y,r,_,d,a,t,a,\,A,T,T,O,.,c,s,v
n,y,s,e,_,1,5,y,r,_,d,a,t,a,\,Q,S,R,.,c,s,v
n,y,s,e,_,1,5,y,r,_,d,a,t,a,\,B,M,I,.,c,s,v
n,y,s,e,_,1,5,y,r,_,d,a,t,a,\,R,E,S,.,c,s,v
n,y,s,e,_,1,5,y,r,_,d,a,t,a,\,I,Q,I,.,c,s,v
n,y,s,e,_,1,5,y,r,_,d,a,t,a,\,C,N,X,.,c,s,v
n,y,s,e,_,1,5,y,r,_,d,a,t,a,\,A,I,Z,.,c,s,v
n,y,s,e,_,1,5,y,r,_,d,a,t,a,\,S,A,.,c,s,v
n,y,s,e,_,1,5,y,r,_,d,a,t,a,\,E,P,A,M,.,c,s,v
n,y,s,e,_,1,5,y,r,_,d,a,t,a,\,N,I,M,.,c,s,v
n,y,s,e,_,1,5,y,r,_,d,a,t,a,\,A,V,K,.,c,s,v
n,y,s,e,_,1,5,y,r,_,d,a,t,a,\,V,H,I,.,c,s,v
n,y,s,e,_,1,5,y,r,_,d,a,t,a,\,A,V,A,.,c,s,v
n,y,s,e,_,1,5,y,r,_,d,a,t,a,\,T,M,X,.,c,s,v
n,y,s,e,_,1,5,y,r,_,d,a,t,a,\,S,O,.,c,s,v
n,y,s,e,_,1,5,y,r,_,d,a,t,a,\,B,H,C,.,c,s,v
n,y,s,e,_,1,5,y,r,_,d,a,t,a,\,G,B,A,B,.,c,s,v
n,y,s,e,_,1,5,y,r,_,d,a,t,a,\,D,B,.,c,s,v
n,y,s,e,_,1,5,y,r,_,d,a,t,a,\,R,C,S,.,c,s,v
n,y,s,e,_,1,5,y,r,_,d,a,t,a,\,N,P,.,c,s,v
n,y,s,e,_,1,5,y,r,_,d,a,t,a,\,W,E,L,L,.,c,s,v
n,y,s,e,_,1,5,y,r,_,d,a,t,a,\,J,F,R,.,c,s,v
n,y,s,e,_,1,5,y,r,_,d,a,t,a,\,C,H,C,T,.,c,s,v
n,y,s,e,_,1,5,y,r,_,d,a,t,a,\,T,H,W,.,c,s,v
n,y,s,e,_,1,5,y,r,_,d,a,t,a,\,D,F,I,N,.,c,s,v
n,y,s,e,_,1,5,y,r,_,d,a,t,a,\,M,M,U,.,c,s,v
n,y,s,e,_,1,5,y,r,_,d,a,t,a,\,A,F,T,.,c,s,v
n,y,s,e,_,1,5,y,r,_,d,a,t,a,\,P,R,M,W,.,c,s,v
n,y,s,e,_,1,5,y,r,_,d,a,t,a,\,L,D,P,.,c,s,v
n,y,s,e,_,1,5,y,r,_,d,a,t,a,\,E,I,X,.,c,s,v
n,y,s,e,_,1,5,y,r,_,d,a,t,a,\,P,Z,C,.,c,s,v
n,y,s,e,_,1,5,y,r,_,d,a,t,a,\,W,L,K,.,c,s,v
n,y,s,e,_,1,5,y,r,_,d,a,t,a,\,R,I,V,.,c,s,v
n,y,s,e,_,1,5,y,r,_,d,a,t,a,\,L,Y,B,.,c,s,v
n,y,s,e,_,1,5,y,r,_,d,a,t,a,\,G,S,.,c,s,v
n,y,s,e,_,1,5,y,r,_,d,a,t,a,\,N,K,G,.,c,s,v
n,y,s,e,_,1,5,y,r,_,d,a,t,a,\,O,E,C,.,c,s,v
n,y,s,e,_,1,5,y,r,_,d,a,t,a,\,G,R,B,K,.,c,s,v
n,y,s,e,_,1,5,y,r,_,d,a,t,a,\,O,D,C,.,c,s,v
n,y,s,e,_,1,5,y,r,_,d,a,t,a,\,C,P,R,I,.,c,s,v
n,y,s,e,_,1,5,y,r,_,d,a,t,a,\,S,T,G,.,c,s,v
n,y,s,e,_,1,5,y,r,_,d,a,t,a,\,O,P,Y,.,c,s,v
n,y,s,e,_,1,5,y,r,_,d,a,t,a,\,U,S,B,.,c,s,v
n,y,s,e,_,1,5,y,r,_,d,a,t,a,\,T,T,I,.,c,s,v
n,y,s,e,_,1,5,y,r,_,d,a,t,a,\,L,P,X,.,c,s,v
n,y,s,e,_,1,5,y,r,_,d,a,t,a,\,N,W,G,.,c,s,v
n,y,s,e,_,1,5,y,r,_,d,a,t,a,\,H,I,.,c,s,v
n,y,s,e,_,1,5,y,r,_,d,a,t,a,\,A,H,H,.,c,s,v
n,y,s,e,_,1,5,y,r,_,d,a,t,a,\,N,I,D,.,c,s,v
n,y,s,e,_,1,5,y,r,_,d,a,t,a,\,M,T,Z,.,c,s,v
n,y,s,e,_,1,5,y,r,_,d,a,t,a,\,M,X,.,c,s,v
n,y,s,e,_,1,5,y,r,_,d,a,t,a,\,M,U,A,.,c,s,v
n,y,s,e,_,1,5,y,r,_,d,a,t,a,\,C,H,T,.,c,s,v
n,y,s,e,_,1,5,y,r,_,d,a,t,a,\,R,E,Z,I,.,c,s,v
n,y,s,e,_,1,5,y,r,_,d,a,t,a,\,E,G,O,.,c,s,v
n,y,s,e,_,1,5,y,r,_,d,a,t,a,\,H,P,E,.,c,s,v
n,y,s,e,_,1,5,y,r,_,d,a,t,a,\,A,E,M,.,c,s,v
n,y,s,e,_,1,5,y,r,_,d,a,t,a,\,N,U,V,.,c,s,v
n,y,s,e,_,1,5,y,r,_,d,a,t,a,\,F,I,N,V,.,c,s,v
n,y,s,e,_,1,5,y,r,_,d,a,t,a,\,N,V,T,.,c,s,v
n,y,s,e,_,1,5,y,r,_,d,a,t,a,\,P,M,O,.,c,s,v
n,y,s,e,_,1,5,y,r,_,d,a,t,a,\,B,B,V,A,.,c,s,v
n,y,s,e,_,1,5,y,r,_,d,a,t,a,\,V,O,C,.,c,s,v
n,y,s,e,_,1,5,y,r,_,d,a,t,a,\,R,C,U,S,.,c,s,v
n,y,s,e,_,1,5,y,r,_,d,a,t,a,\,B,T,C,M,.,c,s,v
n,y,s,e,_,1,5,y,r,_,d,a,t,a,\,C,Y,H,.,c,s,v
n,y,s,e,_,1,5,y,r,_,d,a,t,a,\,C,F,X,.,c,s,v
n,y,s,e,_,1,5,y,r,_,d,a,t,a,\,B,I,G,.,c,s,v
n,y,s,e,_,1,5,y,r,_,d,a,t,a,\,P,S,T,G,.,c,s,v
n,y,s,e,_,1,5,y,r,_,d,a,t,a,\,A,C,P,.,c,s,v
n,y,s,e,_,1,5,y,r,_,d,a,t,a,\,T,E,C,K,.,c,s,v
n,y,s,e,_,1,5,y,r,_,d,a,t,a,\,E,G,Y,.,c,s,v
n,y,s,e,_,1,5,y,r,_,d,a,t,a,\,I,C,E,.,c,s,v
n,y,s,e,_,1,5,y,r,_,d,a,t,a,\,P,G,T,I,.,c,s,v
n,y,s,e,_,1,5,y,r,_,d,a,t,a,\,I,V,H,.,c,s,v
n,y,s,e,_,1,5,y,r,_,d,a,t,a,\,A,Z,R,E,.,c,s,v
n,y,s,e,_,1,5,y,r,_,d,a,t,a,\,T,R,E,C,.,c,s,v
n,y,s,e,_,1,5,y,r,_,d,a,t,a,\,A,W,K,.,c,s,v
n,y,s,e,_,1,5,y,r,_,d,a,t,a,\,R,H,.,c,s,v
n,y,s,e,_,1,5,y,r,_,d,a,t,a,\,W,C,C,.,c,s,v
n,y,s,e,_,1,5,y,r,_,d,a,t,a,\,P,G,P,.,c,s,v
n,y,s,e,_,1,5,y,r,_,d,a,t,a,\,B,D,C,.,c,s,v
n,y,s,e,_,1,5,y,r,_,d,a,t,a,\,U,N,V,R,.,c,s,v
n,y,s,e,_,1,5,y,r,_,d,a,t,a,\,H,E,S,.,c,s,v
n,y,s,e,_,1,5,y,r,_,d,a,t,a,\,F,C,.,c,s,v
n,y,s,e,_,1,5,y,r,_,d,a,t,a,\,M,F,G,.,c,s,v
n,y,s,e,_,1,5,y,r,_,d,a,t,a,\,S,J,R,.,c,s,v
n,y,s,e,_,1,5,y,r,_,d,a,t,a,\,A,R,M,K,.,c,s,v
n,y,s,e,_,1,5,y,r,_,d,a,t,a,\,I,B,A,.,c,s,v
n,y,s,e,_,1,5,y,r,_,d,a,t,a,\,L,P,I,.,c,s,v
n,y,s,e,_,1,5,y,r,_,d,a,t,a,\,B,G,Y,.,c,s,v
n,y,s,e,_,1,5,y,r,_,d,a,t,a,\,D,V,N,.,c,s,v
n,y,s,e,_,1,5,y,r,_,d,a,t,a,\,B,H,P,.,c,s,v
n,y,s,e,_,1,5,y,r,_,d,a,t,a,\,C,E,L,P,.,c,s,v
n,y,s,e,_,1,5,y,r,_,d,a,t,a,\,N,A,N,.,c,s,v
n,y,s,e,_,1,5,y,r,_,d,a,t,a,\,P,R,I,.,c,s,v
n,y,s,e,_,1,5,y,r,_,d,a,t,a,\,D,D,T,.,c,s,v
n,y,s,e,_,1,5,y,r,_,d,a,t,a,\,J,B,G,S,.,c,s,v
n,y,s,e,_,1,5,y,r,_,d,a,t,a,\,P,M,T,.,c,s,v
n,y,s,e,_,1,5,y,r,_,d,a,t,a,\,M,I,C,.,c,s,v
n,y,s,e,_,1,5,y,r,_,d,a,t,a,\,C,I,N,R,.,c,s,v
n,y,s,e,_,1,5,y,r,_,d,a,t,a,\,W,S,O,-,B,.,c,s,v
n,y,s,e,_,1,5,y,r,_,d,a,t,a,\,D,P,Z,.,c,s,v
n,y,s,e,_,1,5,y,r,_,d,a,t,a,\,S,T,Z,-,B,.,c,s,v
n,y,s,e,_,1,5,y,r,_,d,a,t,a,\,G,J,T,.,c,s,v
n,y,s,e,_,1,5,y,r,_,d,a,t,a,\,E,C,V,T,.,c,s,v
n,y,s,e,_,1,5,y,r,_,d,a,t,a,\,B,X,.,c,s,v
n,y,s,e,_,1,5,y,r,_,d,a,t,a,\,P,R,T,.,c,s,v
n,y,s,e,_,1,5,y,r,_,d,a,t,a,\,C,A,D,E,.,c,s,v
n,y,s,e,_,1,5,y,r,_,d,a,t,a,\,I,G,T,.,c,s,v
n,y,s,e,_,1,5,y,r,_,d,a,t,a,\,R,A,C,E,.,c,s,v
n,y,s,e,_,1,5,y,r,_,d,a,t,a,\,X,I,N,.,c,s,v
n,y,s,e,_,1,5,y,r,_,d,a,t,a,\,F,E,R,G,.,c,s,v
n,y,s,e,_,1,5,y,r,_,d,a,t,a,\,V,L,O,.,c,s,v
n,y,s,e,_,1,5,y,r,_,d,a,t,a,\,E,H,I,.,c,s,v
n,y,s,e,_,1,5,y,r,_,d,a,t,a,\,N,E,W,.,c,s,v
n,y,s,e,_,1,5,y,r,_,d,a,t,a,\,H,B,B,.,c,s,v
n,y,s,e,_,1,5,y,r,_,d,a,t,a,\,P,N,C,.,c,s,v
n,y,s,e,_,1,5,y,r,_,d,a,t,a,\,C,L,W,.,c,s,v
n,y,s,e,_,1,5,y,r,_,d,a,t,a,\,G,R,C,.,c,s,v
n,y,s,e,_,1,5,y,r,_,d,a,t,a,\,C,B,Z,.,c,s,v
n,y,s,e,_,1,5,y,r,_,d,a,t,a,\,N,A,T,.,c,s,v
n,y,s,e,_,1,5,y,r,_,d,a,t,a,\,E,T,.,c,s,v
n,y,s,e,_,1,5,y,r,_,d,a,t,a,\,N,L,.,c,s,v
n,y,s,e,_,1,5,y,r,_,d,a,t,a,\,S,I,X,.,c,s,v
n,y,s,e,_,1,5,y,r,_,d,a,t,a,\,M,M,T,.,c,s,v
n,y,s,e,_,1,5,y,r,_,d,a,t,a,\,C,I,.,c,s,v
n,y,s,e,_,1,5,y,r,_,d,a,t,a,\,A,P,O,.,c,s,v
n,y,s,e,_,1,5,y,r,_,d,a,t,a,\,E,U,R,N,.,c,s,v
n,y,s,e,_,1,5,y,r,_,d,a,t,a,\,H,I,O,.,c,s,v
n,y,s,e,_,1,5,y,r,_,d,a,t,a,\,F,T,.,c,s,v
n,y,s,e,_,1,5,y,r,_,d,a,t,a,\,A,M,G,.,c,s,v
n,y,s,e,_,1,5,y,r,_,d,a,t,a,\,W,R,E,.,c,s,v
n,y,s,e,_,1,5,y,r,_,d,a,t,a,\,F,M,O,.,c,s,v
n,y,s,e,_,1,5,y,r,_,d,a,t,a,\,T,W,O,.,c,s,v
n,y,s,e,_,1,5,y,r,_,d,a,t,a,\,L,D,O,S,.,c,s,v
n,y,s,e,_,1,5,y,r,_,d,a,t,a,\,C,R,L,.,c,s,v
n,y,s,e,_,1,5,y,r,_,d,a,t,a,\,E,N,V,A,.,c,s,v
n,y,s,e,_,1,5,y,r,_,d,a,t,a,\,R,R,D,.,c,s,v
n,y,s,e,_,1,5,y,r,_,d,a,t,a,\,V,R,E,.,c,s,v
n,y,s,e,_,1,5,y,r,_,d,a,t,a,\,C,N,K,.,c,s,v
n,y,s,e,_,1,5,y,r,_,d,a,t,a,\,J,C,I,.,c,s,v
n,y,s,e,_,1,5,y,r,_,d,a,t,a,\,A,L,G,.,c,s,v
n,y,s,e,_,1,5,y,r,_,d,a,t,a,\,A,A,I,C,.,c,s,v
n,y,s,e,_,1,5,y,r,_,d,a,t,a,\,T,N,E,T,.,c,s,v
n,y,s,e,_,1,5,y,r,_,d,a,t,a,\,T,R,T,X,.,c,s,v
n,y,s,e,_,1,5,y,r,_,d,a,t,a,\,K,E,Y,S,.,c,s,v
n,y,s,e,_,1,5,y,r,_,d,a,t,a,\,B,L,W,.,c,s,v
n,y,s,e,_,1,5,y,r,_,d,a,t,a,\,A,D,M,.,c,s,v
n,y,s,e,_,1,5,y,r,_,d,a,t,a,\,M,U,X,.,c,s,v
n,y,s,e,_,1,5,y,r,_,d,a,t,a,\,M,M,P,.,c,s,v
n,y,s,e,_,1,5,y,r,_,d,a,t,a,\,U,T,I,.,c,s,v
n,y,s,e,_,1,5,y,r,_,d,a,t,a,\,A,I,R,.,c,s,v
n,y,s,e,_,1,5,y,r,_,d,a,t,a,\,B,S,M,X,.,c,s,v
n,y,s,e,_,1,5,y,r,_,d,a,t,a,\,F,F,.,c,s,v
n,y,s,e,_,1,5,y,r,_,d,a,t,a,\,T,Y,G,.,c,s,v
n,y,s,e,_,1,5,y,r,_,d,a,t,a,\,C,N,Q,.,c,s,v
n,y,s,e,_,1,5,y,r,_,d,a,t,a,\,N,U,O,.,c,s,v
n,y,s,e,_,1,5,y,r,_,d,a,t,a,\,R,C,.,c,s,v
n,y,s,e,_,1,5,y,r,_,d,a,t,a,\,N,V,T,A,.,c,s,v
n,y,s,e,_,1,5,y,r,_,d,a,t,a,\,A,L,K,.,c,s,v
n,y,s,e,_,1,5,y,r,_,d,a,t,a,\,E,T,V,.,c,s,v
n,y,s,e,_,1,5,y,r,_,d,a,t,a,\,M,V,F,.,c,s,v
n,y,s,e,_,1,5,y,r,_,d,a,t,a,\,M,S,B,.,c,s,v
n,y,s,e,_,1,5,y,r,_,d,a,t,a,\,U,A,.,c,s,v
n,y,s,e,_,1,5,y,r,_,d,a,t,a,\,D,C,I,.,c,s,v
n,y,s,e,_,1,5,y,r,_,d,a,t,a,\,J,R,O,.,c,s,v
n,y,s,e,_,1,5,y,r,_,d,a,t,a,\,G,P,R,K,.,c,s,v
n,y,s,e,_,1,5,y,r,_,d,a,t,a,\,B,W,G,.,c,s,v
n,y,s,e,_,1,5,y,r,_,d,a,t,a,\,E,M,O,.,c,s,v
n,y,s,e,_,1,5,y,r,_,d,a,t,a,\,R,M,.,c,s,v
n,y,s,e,_,1,5,y,r,_,d,a,t,a,\,H,C,C,.,c,s,v
n,y,s,e,_,1,5,y,r,_,d,a,t,a,\,T,D,C,.,c,s,v
n,y,s,e,_,1,5,y,r,_,d,a,t,a,\,L,A,I,X,.,c,s,v
n,y,s,e,_,1,5,y,r,_,d,a,t,a,\,C,S,.,c,s,v
n,y,s,e,_,1,5,y,r,_,d,a,t,a,\,C,P,L,G,.,c,s,v
n,y,s,e,_,1,5,y,r,_,d,a,t,a,\,F,R,.,c,s,v
n,y,s,e,_,1,5,y,r,_,d,a,t,a,\,N,X,P,.,c,s,v
n,y,s,e,_,1,5,y,r,_,d,a,t,a,\,N,M,I,.,c,s,v
n,y,s,e,_,1,5,y,r,_,d,a,t,a,\,E,F,R,.,c,s,v
n,y,s,e,_,1,5,y,r,_,d,a,t,a,\,D,E,C,K,.,c,s,v
n,y,s,e,_,1,5,y,r,_,d,a,t,a,\,A,M,C,R,.,c,s,v
n,y,s,e,_,1,5,y,r,_,d,a,t,a,\,B,G,X,.,c,s,v
n,y,s,e,_,1,5,y,r,_,d,a,t,a,\,C,L,.,c,s,v
n,y,s,e,_,1,5,y,r,_,d,a,t,a,\,E,V,H,.,c,s,v
n,y,s,e,_,1,5,y,r,_,d,a,t,a,\,N,M,.,c,s,v
n,y,s,e,_,1,5,y,r,_,d,a,t,a,\,Z,N,H,.,c,s,v
n,y,s,e,_,1,5,y,r,_,d,a,t,a,\,F,E,I, , , , , , , , , , , ,.,c,s,v
n,y,s,e,_,1,5,y,r,_,d,a,t,a,\,S,T,O,N,.,c,s,v
n,y,s,e,_,1,5,y,r,_,d,a,t,a,\,C,T,R,.,c,s,v
n,y,s,e,_,1,5,y,r,_,d,a,t,a,\,M,C,A,.,c,s,v
n,y,s,e,_,1,5,y,r,_,d,a,t,a,\,C,U,R,O,.,c,s,v
n,y,s,e,_,1,5,y,r,_,d,a,t,a,\,S,L,C,A,.,c,s,v
n,y,s,e,_,1,5,y,r,_,d,a,t,a,\,G,F,F,.,c,s,v
n,y,s,e,_,1,5,y,r,_,d,a,t,a,\,E,L,Y,.,c,s,v
n,y,s,e,_,1,5,y,r,_,d,a,t,a,\,E,C,C,B,.,c,s,v
n,y,s,e,_,1,5,y,r,_,d,a,t,a,\,G,C,I,.,c,s,v
n,y,s,e,_,1,5,y,r,_,d,a,t,a,\,B,L,L,.,c,s,v
n,y,s,e,_,1,5,y,r,_,d,a,t,a,\,T,J,X,.,c,s,v
n,y,s,e,_,1,5,y,r,_,d,a,t,a,\,T,N,P,.,c,s,v
n,y,s,e,_,1,5,y,r,_,d,a,t,a,\,S,T,Z,.,c,s,v
n,y,s,e,_,1,5,y,r,_,d,a,t,a,\,Y,U,M,C,.,c,s,v
n,y,s,e,_,1,5,y,r,_,d,a,t,a,\,E,Q,S,.,c,s,v
n,y,s,e,_,1,5,y,r,_,d,a,t,a,\,L,N,N,.,c,s,v
n,y,s,e,_,1,5,y,r,_,d,a,t,a,\,S,A,V,E,.,c,s,v
n,y,s,e,_,1,5,y,r,_,d,a,t,a,\,A,E,N,Z,.,c,s,v
n,y,s,e,_,1,5,y,r,_,d,a,t,a,\,D,T,W,.,c,s,v
n,y,s,e,_,1,5,y,r,_,d,a,t,a,\,H,E,P,.,c,s,v
n,y,s,e,_,1,5,y,r,_,d,a,t,a,\,M,Y,D,.,c,s,v
n,y,s,e,_,1,5,y,r,_,d,a,t,a,\,C,M,C,M,.,c,s,v
n,y,s,e,_,1,5,y,r,_,d,a,t,a,\,I,R,L,.,c,s,v
n,y,s,e,_,1,5,y,r,_,d,a,t,a,\,U,S,M,.,c,s,v
n,y,s,e,_,1,5,y,r,_,d,a,t,a,\,E,N,I,A,.,c,s,v
n,y,s,e,_,1,5,y,r,_,d,a,t,a,\,W,H,R,.,c,s,v
n,y,s,e,_,1,5,y,r,_,d,a,t,a,\,S,B,.,c,s,v
n,y,s,e,_,1,5,y,r,_,d,a,t,a,\,P,D,M,.,c,s,v
n,y,s,e,_,1,5,y,r,_,d,a,t,a,\,R,P,M,.,c,s,v
n,y,s,e,_,1,5,y,r,_,d,a,t,a,\,B,H,L,B,.,c,s,v
n,y,s,e,_,1,5,y,r,_,d,a,t,a,\,S,T,M,.,c,s,v
n,y,s,e,_,1,5,y,r,_,d,a,t,a,\,K,R,G,.,c,s,v
n,y,s,e,_,1,5,y,r,_,d,a,t,a,\,T,R,V,.,c,s,v
n,y,s,e,_,1,5,y,r,_,d,a,t,a,\,A,R,G,D,.,c,s,v
n,y,s,e,_,1,5,y,r,_,d,a,t,a,\,A,P,R,N,.,c,s,v
n,y,s,e,_,1,5,y,r,_,d,a,t,a,\,U,V,E,.,c,s,v
n,y,s,e,_,1,5,y,r,_,d,a,t,a,\,S,H,G,.,c,s,v
n,y,s,e,_,1,5,y,r,_,d,a,t,a,\,V,K,Q,.,c,s,v
n,y,s,e,_,1,5,y,r,_,d,a,t,a,\,M,L,M,.,c,s,v
n,y,s,e,_,1,5,y,r,_,d,a,t,a,\,I,H,C,.,c,s,v
n,y,s,e,_,1,5,y,r,_,d,a,t,a,\,D,K,.,c,s,v
n,y,s,e,_,1,5,y,r,_,d,a,t,a,\,V,N,O,.,c,s,v
n,y,s,e,_,1,5,y,r,_,d,a,t,a,\,M,F,M,.,c,s,v
n,y,s,e,_,1,5,y,r,_,d,a,t,a,\,M,Y,E,.,c,s,v
n,y,s,e,_,1,5,y,r,_,d,a,t,a,\,A,E,E,.,c,s,v
n,y,s,e,_,1,5,y,r,_,d,a,t,a,\,P,T,R,.,c,s,v
n,y,s,e,_,1,5,y,r,_,d,a,t,a,\,F,B,P,.,c,s,v
n,y,s,e,_,1,5,y,r,_,d,a,t,a,\,S,N,N,.,c,s,v
n,y,s,e,_,1,5,y,r,_,d,a,t,a,\,V,I,C,I,.,c,s,v
n,y,s,e,_,1,5,y,r,_,d,a,t,a,\,E,C,.,c,s,v
n,y,s,e,_,1,5,y,r,_,d,a,t,a,\,B,E,D,U,.,c,s,v
n,y,s,e,_,1,5,y,r,_,d,a,t,a,\,E,L,F,.,c,s,v
n,y,s,e,_,1,5,y,r,_,d,a,t,a,\,U,D,R,.,c,s,v
n,y,s,e,_,1,5,y,r,_,d,a,t,a,\,A,L,.,c,s,v
n,y,s,e,_,1,5,y,r,_,d,a,t,a,\,E,F,X,.,c,s,v
n,y,s,e,_,1,5,y,r,_,d,a,t,a,\,M,E,I,.,c,s,v
n,y,s,e,_,1,5,y,r,_,d,a,t,a,\,M,D,.,c,s,v
n,y,s,e,_,1,5,y,r,_,d,a,t,a,\,S,G,U,.,c,s,v
n,y,s,e,_,1,5,y,r,_,d,a,t,a,\,I,N,S,I,.,c,s,v
n,y,s,e,_,1,5,y,r,_,d,a,t,a,\,N,T,G,.,c,s,v
n,y,s,e,_,1,5,y,r,_,d,a,t,a,\,M,L,P,.,c,s,v
n,y,s,e,_,1,5,y,r,_,d,a,t,a,\,S,N,D,R,.,c,s,v
n,y,s,e,_,1,5,y,r,_,d,a,t,a,\,C,L,P,R,.,c,s,v
n,y,s,e,_,1,5,y,r,_,d,a,t,a,\,S,P,E,.,c,s,v
n,y,s,e,_,1,5,y,r,_,d,a,t,a,\,F,D,P,.,c,s,v
n,y,s,e,_,1,5,y,r,_,d,a,t,a,\,N,X,J,.,c,s,v
n,y,s,e,_,1,5,y,r,_,d,a,t,a,\,C,N,M,D,.,c,s,v
n,y,s,e,_,1,5,y,r,_,d,a,t,a,\,H,R,I,.,c,s,v
n,y,s,e,_,1,5,y,r,_,d,a,t,a,\,V,I,P,S,.,c,s,v
n,y,s,e,_,1,5,y,r,_,d,a,t,a,\,N,N,Y,.,c,s,v
n,y,s,e,_,1,5,y,r,_,d,a,t,a,\,W,E,X,.,c,s,v
n,y,s,e,_,1,5,y,r,_,d,a,t,a,\,P,P,G,.,c,s,v
n,y,s,e,_,1,5,y,r,_,d,a,t,a,\,N,L,S,.,c,s,v
n,y,s,e,_,1,5,y,r,_,d,a,t,a,\,W,N,S,.,c,s,v
n,y,s,e,_,1,5,y,r,_,d,a,t,a,\,N,I,N,E,.,c,s,v
n,y,s,e,_,1,5,y,r,_,d,a,t,a,\,S,X,C,.,c,s,v
n,y,s,e,_,1,5,y,r,_,d,a,t,a,\,S,O,L,.,c,s,v
n,y,s,e,_,1,5,y,r,_,d,a,t,a,\,L,R,N,.,c,s,v
n,y,s,e,_,1,5,y,r,_,d,a,t,a,\,A,Q,U,A,.,c,s,v
n,y,s,e,_,1,5,y,r,_,d,a,t,a,\,M,S,D,.,c,s,v
n,y,s,e,_,1,5,y,r,_,d,a,t,a,\,C,A,N,G,.,c,s,v
n,y,s,e,_,1,5,y,r,_,d,a,t,a,\,F,T,K,.,c,s,v
n,y,s,e,_,1,5,y,r,_,d,a,t,a,\,J,G,H,.,c,s,v
n,y,s,e,_,1,5,y,r,_,d,a,t,a,\,G,L,O,P,.,c,s,v
n,y,s,e,_,1,5,y,r,_,d,a,t,a,\,B,R,S,P,.,c,s,v
n,y,s,e,_,1,5,y,r,_,d,a,t,a,\,W,S,R,.,c,s,v
n,y,s,e,_,1,5,y,r,_,d,a,t,a,\,C,F,.,c,s,v
n,y,s,e,_,1,5,y,r,_,d,a,t,a,\,R,E,V,.,c,s,v
n,y,s,e,_,1,5,y,r,_,d,a,t,a,\,L,L,Y,.,c,s,v
n,y,s,e,_,1,5,y,r,_,d,a,t,a,\,A,I,T,.,c,s,v
n,y,s,e,_,1,5,y,r,_,d,a,t,a,\,P,H,T,.,c,s,v
n,y,s,e,_,1,5,y,r,_,d,a,t,a,\,D,A,N,.,c,s,v
n,y,s,e,_,1,5,y,r,_,d,a,t,a,\,N,M,R,.,c,s,v
n,y,s,e,_,1,5,y,r,_,d,a,t,a,\,N,S,S,.,c,s,v
n,y,s,e,_,1,5,y,r,_,d,a,t,a,\,L,X,P,.,c,s,v
n,y,s,e,_,1,5,y,r,_,d,a,t,a,\,C,N,C,.,c,s,v
n,y,s,e,_,1,5,y,r,_,d,a,t,a,\,G,A,M,.,c,s,v
n,y,s,e,_,1,5,y,r,_,d,a,t,a,\,E,D,U,.,c,s,v
